<?xml version="1.0" encoding="UTF-8"?>
<urn:AccessTokenManagerConfiguration inheritAccessControlSettings="false" inheritSelectionSettings="false" inheritSessionValidationSettings="false" restrictClients="false" checkSessionRevocationStatus="false" checkValidAuthnSession="false" updateAuthnSessionActivity="false" isInheritExtendedContractAttributes="false" name="JWT" xmlns:urn="urn:sourceid.org:saml2:adapter:conf">
    <urn:Fields>
        <urn:Field name="Token Lifetime">120</urn:Field>
        <urn:Field name="JWS Algorithm">RS256</urn:Field>
        <urn:Field name="Active Symmetric Key ID"/>
        <urn:Field name="Active Signing Certificate Key ID">test</urn:Field>
        <urn:Field name="JWE Algorithm"/>
        <urn:Field name="JWE Content Encryption Algorithm"/>
        <urn:Field name="Active Symmetric Encryption Key ID"/>
        <urn:Field name="Asymmetric Encryption Key"/>
        <urn:Field name="Asymmetric Encryption JWKS URL"/>
        <urn:Field name="Include Key ID Header Parameter">false</urn:Field>
        <urn:Field name="Include X.509 Thumbprint Header Parameter">false</urn:Field>
        <urn:Field name="Default JWKS URL Cache Duration">720</urn:Field>
        <urn:Field name="Include JWE Key ID Header Parameter">true</urn:Field>
        <urn:Field name="Include JWE X.509 Thumbprint Header Parameter">false</urn:Field>
        <urn:Field name="Client ID Claim Name">client_id</urn:Field>
        <urn:Field name="Scope Claim Name">scope</urn:Field>
        <urn:Field name="Space Delimit Scope Values">false</urn:Field>
        <urn:Field name="Issuer Claim Value">https://sso.blantz.ping-eng.com</urn:Field>
        <urn:Field name="Audience Claim Value"/>
        <urn:Field name="JWT ID Claim Length">0</urn:Field>
        <urn:Field name="Access Grant GUID Claim Name"/>
        <urn:Field name="JWKS Endpoint Path"/>
        <urn:Field name="JWKS Endpoint Cache Duration">720</urn:Field>
        <urn:Field name="Publish Key ID X.509 URL">false</urn:Field>
        <urn:Field name="Publish Thumbprint X.509 URL">false</urn:Field>
    </urn:Fields>
    <urn:AdvancedFields>
        <urn:Field name="Include Key ID Header Parameter">false</urn:Field>
        <urn:Field name="Include X.509 Thumbprint Header Parameter">false</urn:Field>
        <urn:Field name="Default JWKS URL Cache Duration">720</urn:Field>
        <urn:Field name="Include JWE Key ID Header Parameter">true</urn:Field>
        <urn:Field name="Include JWE X.509 Thumbprint Header Parameter">false</urn:Field>
        <urn:Field name="Client ID Claim Name">client_id</urn:Field>
        <urn:Field name="Scope Claim Name">scope</urn:Field>
        <urn:Field name="Space Delimit Scope Values">false</urn:Field>
        <urn:Field name="Issuer Claim Value">https://sso.blantz.ping-eng.com</urn:Field>
        <urn:Field name="Audience Claim Value"/>
        <urn:Field name="JWT ID Claim Length">0</urn:Field>
        <urn:Field name="Access Grant GUID Claim Name"/>
        <urn:Field name="JWKS Endpoint Path"/>
        <urn:Field name="JWKS Endpoint Cache Duration">720</urn:Field>
        <urn:Field name="Publish Key ID X.509 URL">false</urn:Field>
        <urn:Field name="Publish Thumbprint X.509 URL">false</urn:Field>
    </urn:AdvancedFields>
    <urn:Tables>
        <urn:Table name="Symmetric Keys"/>
        <urn:Table name="Certificates">
            <urn:Row>
                <urn:Field name="Key ID">test</urn:Field>
                <urn:Field name="Certificate">vwhfmpx1u7z779p1h82ppxj0h</urn:Field>
            </urn:Row>
        </urn:Table>
    </urn:Tables>
    <urn:ExtendedContractAttributes>
        <urn:AttributeName>supporterID</urn:AttributeName>
        <urn:AttributeName>memberOf</urn:AttributeName>
        <urn:AttributeName>email</urn:AttributeName>
        <urn:AttributeName>username</urn:AttributeName>
    </urn:ExtendedContractAttributes>
</urn:AccessTokenManagerConfiguration>