<?xml version="1.0" encoding="UTF-8"?>
<con:config xmlns:con="http://www.sourceid.org/2004/05/config">
    <con:map name="adapter-selectors">
        <con:item name="newtest">com.pingidentity.pf.selectors.cidr.CIDRAdapterSelector</con:item>
        <con:item name="connectionselector">com.pingidentity.pf.selectors.connectionset.ConnectionSetAdapterSelector</con:item>
        <con:item name="Oauth">com.pingidentity.pf.selectors.oauthclient.OAuthClientAdapterSelector</con:item>
        <con:item name="inside">com.pingidentity.pf.selectors.http.HttpRequestParamAuthnSelector</con:item>
        <con:item name="network">com.pingidentity.pf.selectors.cidr.CIDRAdapterSelector</con:item>
    </con:map>
    <con:map name="adapter-selectors-parents"/>
</con:config>