<?xml version="1.0" encoding="UTF-8"?>
<con:config xmlns:con="http://www.sourceid.org/2004/05/config">
    <!--
    Using the string "tokenlabel:label" will attempt to open the KeyStore against the token with the provided label.
    Using "slot:<slotNum>" will attempt to open the KeyStore against the token at the provided slot. It is recommended
    that the token label be used, as the slot number of a given token may change but the label will not.

    To specify the partition password (if it is different then what is specified in hsmpass.txt) use the obfuscate.sh or
    obfuscate.bat in the bin directory to hide the password and paste the result in the appropriate password element.
    -->

    <!--
     The system uses this slot to open private keys for signatures which may be used to sign assertions, security
     tokens, requests, and responses. These certificates may also be used for decryption.
    -->
    <con:item name="DsigPartitionSlotOrLabel">slot:0</con:item>
    <con:item name="DsigPartitionPassword"/>

    <!--
     The system uses this slot to open private keys for general use like a connection to PingOne
    -->
    <con:item name="GeneralPartitionSlotOrLabel">slot:0</con:item>
    <con:item name="GeneralPartitionPassword"/>

    <!--
     The system uses this slot to open private keys for the SSL client certificates your server presents as a client in an SSL transaction.
    -->
    <con:item name="SslPartitionSlotOrLabel">slot:0</con:item>
    <con:item name="SslPartitionPassword"/>

    <!--
     The system uses this slot to open private keys for the SSL certificates your server presents to incoming SSL connections.
    -->
    <con:item name="SslServerPartitionSlotOrLabel">slot:0</con:item>
    <con:item name="SslServerPartitionPassword"/>
</con:config>
