<?xml version="1.0" encoding="UTF-8"?>
<con:config xmlns:con="http://www.sourceid.org/2004/05/config">
    <con:item name="default-scope-description">Default Scope</con:item>
    <con:map name="scope-descriptions">
        <con:item name="address">Address access</con:item>
        <con:item name="admin">Admin permissions</con:item>
        <con:item name="department">department</con:item>
        <con:item name="description">description</con:item>
        <con:item name="edit">Edit permissions</con:item>
        <con:item name="email">Email Address access</con:item>
        <con:item name="memberOf">Member Of</con:item>
        <con:item name="openid">OpenID Connect login</con:item>
        <con:item name="phone">Phone Number access</con:item>
        <con:item name="profile">profile access</con:item>
    </con:map>
    <con:map name="scope-group-descriptions"/>
    <con:map name="scope-group-mappings"/>
</con:config>