<?xml version="1.0" encoding="UTF-8"?>
<con:config xmlns:con="http://www.sourceid.org/2004/05/config">
    <con:item name="com.pingidentity.crypto.PkCert@ffd03033:EXPIRED">com.pingidentity.crypto.PkCert@ffd03033:EXPIRED</con:item>
    <con:item name="com.pingidentity.crypto.PkCert@ffd03033:FINAL_WARN">com.pingidentity.crypto.PkCert@ffd03033:FINAL_WARN</con:item>
    <con:item name="com.pingidentity.crypto.PkCert@ffd03033:INITIAL_WARN">com.pingidentity.crypto.PkCert@ffd03033:INITIAL_WARN</con:item>
    <con:item name="com.pingidentity.crypto.PkCert@5aa681b0:EXPIRED">com.pingidentity.crypto.PkCert@5aa681b0:EXPIRED</con:item>
    <con:item name="com.pingidentity.crypto.PkCert@5aa681b0:FINAL_WARN">com.pingidentity.crypto.PkCert@5aa681b0:FINAL_WARN</con:item>
    <con:item name="com.pingidentity.crypto.PkCert@5aa681b0:INITIAL_WARN">com.pingidentity.crypto.PkCert@5aa681b0:INITIAL_WARN</con:item>
    <con:item name="com.pingidentity.crypto.Cert@5aa681b0:EXPIRED">com.pingidentity.crypto.Cert@5aa681b0:EXPIRED</con:item>
    <con:item name="com.pingidentity.crypto.Cert@5aa681b0:FINAL_WARN">com.pingidentity.crypto.Cert@5aa681b0:FINAL_WARN</con:item>
    <con:item name="com.pingidentity.crypto.Cert@5aa681b0:INITIAL_WARN">com.pingidentity.crypto.Cert@5aa681b0:INITIAL_WARN</con:item>
    <con:item name="com.pingidentity.crypto.Cert@ffd03033:EXPIRED">com.pingidentity.crypto.Cert@ffd03033:EXPIRED</con:item>
    <con:item name="com.pingidentity.crypto.Cert@ffd03033:FINAL_WARN">com.pingidentity.crypto.Cert@ffd03033:FINAL_WARN</con:item>
    <con:item name="com.pingidentity.crypto.Cert@ffd03033:INITIAL_WARN">com.pingidentity.crypto.Cert@ffd03033:INITIAL_WARN</con:item>
    <con:item name="com.pingidentity.crypto.Cert@8beb9c1:EXPIRED">com.pingidentity.crypto.Cert@8beb9c1:EXPIRED</con:item>
    <con:item name="com.pingidentity.crypto.Cert@8beb9c1:FINAL_WARN">com.pingidentity.crypto.Cert@8beb9c1:FINAL_WARN</con:item>
    <con:item name="com.pingidentity.crypto.Cert@8beb9c1:INITIAL_WARN">com.pingidentity.crypto.Cert@8beb9c1:INITIAL_WARN</con:item>
    <con:item name="com.pingidentity.crypto.Cert@8abb4c57:EXPIRED">com.pingidentity.crypto.Cert@8abb4c57:EXPIRED</con:item>
    <con:item name="com.pingidentity.crypto.Cert@8abb4c57:FINAL_WARN">com.pingidentity.crypto.Cert@8abb4c57:FINAL_WARN</con:item>
    <con:item name="com.pingidentity.crypto.Cert@8abb4c57:INITIAL_WARN">com.pingidentity.crypto.Cert@8abb4c57:INITIAL_WARN</con:item>
    <con:item name="com.pingidentity.crypto.Cert@e068f988:EXPIRED">com.pingidentity.crypto.Cert@e068f988:EXPIRED</con:item>
    <con:item name="com.pingidentity.crypto.Cert@e068f988:FINAL_WARN">com.pingidentity.crypto.Cert@e068f988:FINAL_WARN</con:item>
    <con:item name="com.pingidentity.crypto.Cert@e068f988:INITIAL_WARN">com.pingidentity.crypto.Cert@e068f988:INITIAL_WARN</con:item>
    <con:item name="com.pingidentity.crypto.Cert@851903ba:EXPIRED">com.pingidentity.crypto.Cert@851903ba:EXPIRED</con:item>
    <con:item name="com.pingidentity.crypto.Cert@851903ba:FINAL_WARN">com.pingidentity.crypto.Cert@851903ba:FINAL_WARN</con:item>
    <con:item name="com.pingidentity.crypto.Cert@851903ba:INITIAL_WARN">com.pingidentity.crypto.Cert@851903ba:INITIAL_WARN</con:item>
    <con:item name="com.pingidentity.crypto.PkCert@61086a79:EXPIRED">com.pingidentity.crypto.PkCert@61086a79:EXPIRED</con:item>
    <con:item name="com.pingidentity.crypto.PkCert@61086a79:FINAL_WARN">com.pingidentity.crypto.PkCert@61086a79:FINAL_WARN</con:item>
    <con:item name="com.pingidentity.crypto.PkCert@61086a79:INITIAL_WARN">com.pingidentity.crypto.PkCert@61086a79:INITIAL_WARN</con:item>
    <con:item name="com.pingidentity.crypto.Cert@61086a79:EXPIRED">com.pingidentity.crypto.Cert@61086a79:EXPIRED</con:item>
    <con:item name="com.pingidentity.crypto.Cert@61086a79:FINAL_WARN">com.pingidentity.crypto.Cert@61086a79:FINAL_WARN</con:item>
    <con:item name="com.pingidentity.crypto.Cert@61086a79:INITIAL_WARN">com.pingidentity.crypto.Cert@61086a79:INITIAL_WARN</con:item>
    <con:item name="cd81a017eecb4254739232d93d349639:N/A:EXPIRED">cd81a017eecb4254739232d93d349639:N/A:EXPIRED</con:item>
    <con:item name="cd81a017eecb4254739232d93d349639:N/A:FINAL_WARN">cd81a017eecb4254739232d93d349639:N/A:FINAL_WARN</con:item>
    <con:item name="cd81a017eecb4254739232d93d349639:N/A:INITIAL_WARN">cd81a017eecb4254739232d93d349639:N/A:INITIAL_WARN</con:item>
    <con:item name="f4a3a9b42db20ec31d4c1862bee823b3:N/A:EXPIRED">f4a3a9b42db20ec31d4c1862bee823b3:N/A:EXPIRED</con:item>
    <con:item name="f4a3a9b42db20ec31d4c1862bee823b3:N/A:FINAL_WARN">f4a3a9b42db20ec31d4c1862bee823b3:N/A:FINAL_WARN</con:item>
    <con:item name="f4a3a9b42db20ec31d4c1862bee823b3:N/A:INITIAL_WARN">f4a3a9b42db20ec31d4c1862bee823b3:N/A:INITIAL_WARN</con:item>
    <con:item name="55cfd4e8125df1a768bee7e85b0b7dfd:N/A:EXPIRED">55cfd4e8125df1a768bee7e85b0b7dfd:N/A:EXPIRED</con:item>
    <con:item name="55cfd4e8125df1a768bee7e85b0b7dfd:N/A:FINAL_WARN">55cfd4e8125df1a768bee7e85b0b7dfd:N/A:FINAL_WARN</con:item>
    <con:item name="55cfd4e8125df1a768bee7e85b0b7dfd:N/A:INITIAL_WARN">55cfd4e8125df1a768bee7e85b0b7dfd:N/A:INITIAL_WARN</con:item>
    <con:item name="527b7bafe68b73499af9d43c023d6c5f:N/A:EXPIRED">527b7bafe68b73499af9d43c023d6c5f:N/A:EXPIRED</con:item>
    <con:item name="527b7bafe68b73499af9d43c023d6c5f:N/A:FINAL_WARN">527b7bafe68b73499af9d43c023d6c5f:N/A:FINAL_WARN</con:item>
    <con:item name="527b7bafe68b73499af9d43c023d6c5f:N/A:INITIAL_WARN">527b7bafe68b73499af9d43c023d6c5f:N/A:INITIAL_WARN</con:item>
    <con:item name="f4a3a9b42db20ec31d4c1862bee823b3:SAML Oauth:EXPIRED">f4a3a9b42db20ec31d4c1862bee823b3:SAML Oauth:EXPIRED</con:item>
    <con:item name="f4a3a9b42db20ec31d4c1862bee823b3:SAML Oauth:FINAL_WARN">f4a3a9b42db20ec31d4c1862bee823b3:SAML Oauth:FINAL_WARN</con:item>
    <con:item name="f4a3a9b42db20ec31d4c1862bee823b3:SAML Oauth:INITIAL_WARN">f4a3a9b42db20ec31d4c1862bee823b3:SAML Oauth:INITIAL_WARN</con:item>
    <con:item name="cd81a017eecb4254739232d93d349639:Oauthtest:EXPIRED">cd81a017eecb4254739232d93d349639:Oauthtest:EXPIRED</con:item>
    <con:item name="cd81a017eecb4254739232d93d349639:Oauthtest:FINAL_WARN">cd81a017eecb4254739232d93d349639:Oauthtest:FINAL_WARN</con:item>
    <con:item name="cd81a017eecb4254739232d93d349639:Oauthtest:INITIAL_WARN">cd81a017eecb4254739232d93d349639:Oauthtest:INITIAL_WARN</con:item>
    <con:item name="0244d0aa5acf74d094ae9514c70d5209:https://jbnetwork-dev-ed.my.salesforce.com:EXPIRED">0244d0aa5acf74d094ae9514c70d5209:https://jbnetwork-dev-ed.my.salesforce.com:EXPIRED</con:item>
    <con:item name="0244d0aa5acf74d094ae9514c70d5209:https://jbnetwork-dev-ed.my.salesforce.com:FINAL_WARN">0244d0aa5acf74d094ae9514c70d5209:https://jbnetwork-dev-ed.my.salesforce.com:FINAL_WARN</con:item>
    <con:item name="0244d0aa5acf74d094ae9514c70d5209:https://jbnetwork-dev-ed.my.salesforce.com:INITIAL_WARN">0244d0aa5acf74d094ae9514c70d5209:https://jbnetwork-dev-ed.my.salesforce.com:INITIAL_WARN</con:item>
    <con:item name="9e036d3443113d9b63b02145b4aa1306:urn:amazon:webservices:EXPIRED">9e036d3443113d9b63b02145b4aa1306:urn:amazon:webservices:EXPIRED</con:item>
    <con:item name="9e036d3443113d9b63b02145b4aa1306:urn:amazon:webservices:FINAL_WARN">9e036d3443113d9b63b02145b4aa1306:urn:amazon:webservices:FINAL_WARN</con:item>
    <con:item name="9e036d3443113d9b63b02145b4aa1306:urn:amazon:webservices:INITIAL_WARN">9e036d3443113d9b63b02145b4aa1306:urn:amazon:webservices:INITIAL_WARN</con:item>
    <con:item name="643f9303ee1b98573adc9828b271637b:PingOne:EXPIRED">643f9303ee1b98573adc9828b271637b:PingOne:EXPIRED</con:item>
    <con:item name="643f9303ee1b98573adc9828b271637b:PingOne:FINAL_WARN">643f9303ee1b98573adc9828b271637b:PingOne:FINAL_WARN</con:item>
    <con:item name="643f9303ee1b98573adc9828b271637b:PingOne:INITIAL_WARN">643f9303ee1b98573adc9828b271637b:PingOne:INITIAL_WARN</con:item>
    <con:item name="e1e90174cbcfc6238781e0fefa34a4da:N/A:EXPIRED">e1e90174cbcfc6238781e0fefa34a4da:N/A:EXPIRED</con:item>
    <con:item name="e1e90174cbcfc6238781e0fefa34a4da:N/A:FINAL_WARN">e1e90174cbcfc6238781e0fefa34a4da:N/A:FINAL_WARN</con:item>
    <con:item name="e1e90174cbcfc6238781e0fefa34a4da:N/A:INITIAL_WARN">e1e90174cbcfc6238781e0fefa34a4da:N/A:INITIAL_WARN</con:item>
    <con:item name="8fdae96027cca24f570531554d86f2fe:ADFS:EXPIRED">8fdae96027cca24f570531554d86f2fe:ADFS:EXPIRED</con:item>
    <con:item name="8fdae96027cca24f570531554d86f2fe:ADFS:FINAL_WARN">8fdae96027cca24f570531554d86f2fe:ADFS:FINAL_WARN</con:item>
    <con:item name="8fdae96027cca24f570531554d86f2fe:ADFS:INITIAL_WARN">8fdae96027cca24f570531554d86f2fe:ADFS:INITIAL_WARN</con:item>
    <con:item name="df6c5085d12032f2ebc5666efd0c4608:N/A:EXPIRED">df6c5085d12032f2ebc5666efd0c4608:N/A:EXPIRED</con:item>
    <con:item name="df6c5085d12032f2ebc5666efd0c4608:N/A:FINAL_WARN">df6c5085d12032f2ebc5666efd0c4608:N/A:FINAL_WARN</con:item>
    <con:item name="df6c5085d12032f2ebc5666efd0c4608:N/A:INITIAL_WARN">df6c5085d12032f2ebc5666efd0c4608:N/A:INITIAL_WARN</con:item>
    <con:item name="df6c5085d12032f2ebc5666efd0c4608:Cons:app:IDP:EXPIRED">df6c5085d12032f2ebc5666efd0c4608:Cons:app:IDP:EXPIRED</con:item>
    <con:item name="df6c5085d12032f2ebc5666efd0c4608:Cons:app:IDP:FINAL_WARN">df6c5085d12032f2ebc5666efd0c4608:Cons:app:IDP:FINAL_WARN</con:item>
    <con:item name="df6c5085d12032f2ebc5666efd0c4608:Cons:app:IDP:INITIAL_WARN">df6c5085d12032f2ebc5666efd0c4608:Cons:app:IDP:INITIAL_WARN</con:item>
    <con:item name="df6c5085d12032f2ebc5666efd0c4608:blantz:JBNetwork:SAML2:EXPIRED">df6c5085d12032f2ebc5666efd0c4608:blantz:JBNetwork:SAML2:EXPIRED</con:item>
    <con:item name="df6c5085d12032f2ebc5666efd0c4608:blantz:JBNetwork:SAML2:FINAL_WARN">df6c5085d12032f2ebc5666efd0c4608:blantz:JBNetwork:SAML2:FINAL_WARN</con:item>
    <con:item name="df6c5085d12032f2ebc5666efd0c4608:blantz:JBNetwork:SAML2:INITIAL_WARN">df6c5085d12032f2ebc5666efd0c4608:blantz:JBNetwork:SAML2:INITIAL_WARN</con:item>
</con:config>