<?xml version="1.0" encoding="UTF-8"?>
<con:config xmlns:con="http://www.sourceid.org/2004/05/config">
    <con:item name="EnableEmailNotification">false</con:item>
    <con:item name="EnableEmailPasswordNotification">false</con:item>
    <con:item name="EnableCertificateExpirationNotification">false</con:item>
    <con:item name="EnableMetadataEventNotification">false</con:item>
    <con:item name="SMTPPort">25</con:item>
    <con:item name="SSLSMTPPort">465</con:item>
    <con:item name="Timeout">30</con:item>
    <con:item name="UseSSL">false</con:item>
    <con:item name="UseTLS">false</con:item>
    <con:item name="VerifyHostname">false</con:item>
    <con:item name="UseDebugging">true</con:item>
    <con:item name="SMTPServer">WIN-RFRVOUQ7TVO</con:item>
    <con:item name="RetryAttempts">2</con:item>
    <con:item name="RetryDelay">2</con:item>
    <con:item name="NotificationFrom">james.blantz@gmail.com</con:item>
    <con:item name="NotificationUser"/>
    <con:item name="SmsProviderAccountId"/>
    <con:item name="SmsProviderFromNumber"/>
    <con:item name="NotificationTo"/>
    <con:item name="NotificationCertificateExpirationTo"/>
    <con:item name="NotificationCertInitialEvent"/>
    <con:item name="NotificationCertFinalEvent"/>
    <con:item name="NotificationMetadataEventsTo"/>
</con:config>