<?xml version="1.0" encoding="UTF-8"?>
<con:config xmlns:con="http://www.sourceid.org/2004/05/config">
    <con:item name="respondToGetRequests">false</con:item>
    <con:item name="localAgentPort">161</con:item>
    <con:item name="sendTraps">false</con:item>
    <con:item name="communityName">public</con:item>
    <con:item name="remoteManagerServer">127.0.0.1</con:item>
    <con:item name="remoteManagerPort">162</con:item>
    <con:item name="trapInterval">30</con:item>
</con:config>