<?xml version="1.0" encoding="UTF-8"?>
<con:config xmlns:con="http://www.sourceid.org/2004/05/config">
    <con:map name="IdpAuthnAdapterInstances">
        <con:item name="HTMLFormAdapter">com.pingidentity.adapters.htmlform.idp.HtmlFormIdpAuthnAdapter</con:item>
        <con:item name="PingID">com.pingidentity.adapters.pingid.PingIDAdapter</con:item>
        <con:item name="OTIdPJava">com.pingidentity.adapters.opentoken.IdpAuthnAdapter</con:item>
        <con:item name="HTMLFormAndPingID">com.pingidentity.pf.adapters.composite.CompositeAdapter</con:item>
        <con:item name="X509">com.pingidentity.adapters.idp.clientcert.ClientCertIdpAuthnAdapter</con:item>
        <con:item name="KerbFormPingID">com.pingidentity.adapters.kerberos.idp.KerberosAuthenticationAdapter</con:item>
        <con:item name="KFPD">com.pingidentity.pf.adapters.composite.CompositeAdapter</con:item>
        <con:item name="IDFirst">com.pingidentity.adapters.identifierfirst.idp.IdentifierFirstAdapter</con:item>
    </con:map>
    <con:map name="SpAuthnAdapterInstances">
        <con:item name="OTSPJava">com.pingidentity.adapters.opentoken.SpAuthnAdapter</con:item>
        <con:item name="RefID">com.pingidentity.pf.adapters.referenceid.SpBackchannelReferenceAuthnAdapter</con:item>
    </con:map>
    <con:map name="IdpAdapterInstanceParents"/>
</con:config>