<?xml version="1.0" encoding="UTF-8"?>
<con:config xmlns:con="http://www.sourceid.org/2004/05/config">
    <con:map name="https://pingone.com/idp/cd-150880883.pingidentity"/>
    <con:map name="Oauthtest"/>
    <con:map name="https://clever.com/oauth/saml/metadata.xml"/>
    <con:map name="localhost:default:Oauth"/>
    <con:map name="localhost:default:entityId"/>
    <con:map name="Cons:app:IDP"/>
    <con:map name="http://WIN-E6FR4HNS297.JBNetwork.global/adfs/services/trust"/>
    <con:map name="https://jbnetwork-dev-ed.my.salesforce.com"/>
    <con:map name="discoverSP"/>
    <con:map name="test:ACSIDP:SAML2"/>
    <con:map name="Cons:app:SP"/>
    <con:map name="pingidentityhelp.zendesk.com"/>
    <con:map name="urn:amazon:webservices"/>
    <con:map name="Test:ACSSP:SAML2"/>
    <con:map name="http://pingone.com/702PK1GF5X2ScjfKDpCJqx6D24f62i"/>
    <con:map name="discoverIDP"/>
    <con:map name="blantz:JBNetwork:SAML2"/>
    <con:map name="https://pingidentityhelp.zendesk.com"/>
    <con:map name="pingidentityhelp"/>
    <con:map name="jbnetwork"/>
    <con:map name="http://pingone.com/66de65d2-b6d2-4da5-9b2d-d2c4640efb13"/>
    <con:map name="X509"/>
    <con:map name="WorkdayInboundProvisioning"/>
</con:config>