<?xml version="1.0" encoding="UTF-8"?>
<config xmlns="http://www.sourceid.org/2004/05/config">
    <!--Dsig keystore information: name and password-->
    <item name="DsigKeystoreName">ping-dsig.jks</item>
    <item name="DsigKeystorePassword">eyJhbGciOiJkaXIiLCJlbmMiOiJBMTI4Q0JDLUhTMjU2Iiwia2lkIjoiaDlHcUZRemZTMyIsInZlcnNpb24iOiI4LjEuMy4wIn0..ymPK65p-xZoO0EbACaicVQ.f-arXDxF63iw5tiY4-1Bfp4PCjgPrUiB-Ini_UOeGkU.0zOLAFs7AQwjgZswMK4lbA</item>
    <!--Do not modify-->
    <item name="DsigKeystoreType2">default</item>
    <!--Map of Dsig keystore aliases to passwords; the system uses this map
     to open private keys for generating signatures, X509
     authentication, etc. For each item, the name of the item maps
     to the alias of a private key, and the value of the item is the
     password to that particular key.-->
    <map name="DsigPrivateKeyPasswords">
        <item name="xnia6zywxai3f99gxkzs4vx4y">eyJhbGciOiJkaXIiLCJlbmMiOiJBMTI4Q0JDLUhTMjU2Iiwia2lkIjoiaDlHcUZRemZTMyIsInZlcnNpb24iOiI4LjEuMy4wIn0..iwuCoArTCSz7UV6e5_OjCw.GSUu06gmUECarbznB2BpUA.pWGh31FQ5q_s-acK_HtN1w</item>
        <item name="vwhfmpx1u7z779p1h82ppxj0h">eyJhbGciOiJkaXIiLCJlbmMiOiJBMTI4Q0JDLUhTMjU2Iiwia2lkIjoiaDlHcUZRemZTMyIsInZlcnNpb24iOiI4LjEuMy4wIn0..zORxn6kRb2Ugw8ABjzJpvQ.e1RBUJi8RcH18vL4MibN6g.h7JSmo4DIZjaJDqwvWczgQ</item>
    </map>
    <!--DSIG HSM Keystore information: name and password-->
    <item name="DsigHSMKeystoreName">ping-dsig.hsmks</item>
    <item name="DsigHSMKeystorePassword"/>
    <item name="DsigHSMKeystoreType2">default</item>
    <!--Map of Dsig keystore aliases to passwords; the system uses this map
     to open private keys for generating signatures, X509
     authentication, etc. For each item, the name of the item maps
     to the alias of a private key and the value of the item is the
     password to that particular key-->
    <map name="DsigHSMPrivateKeyPasswords"/>
    <!--SSL Keystore information: name and password-->
    <item name="SslKeystoreName">ping-ssl.jks</item>
    <item name="SslKeystorePassword">eyJhbGciOiJkaXIiLCJlbmMiOiJBMTI4Q0JDLUhTMjU2Iiwia2lkIjoiaDlHcUZRemZTMyIsInZlcnNpb24iOiI4LjEuMy4wIn0..WD9UuJmmGOCYmV_A2YMnrQ.JqAvN6EQ60sOOy2nO5R55LAAyvfi6SSHwHNiSY0a6P0.O9pfFBcgKdIC6QEmqVh9yg</item>
    <!--Do not modify-->
    <item name="SslKeystoreType2">default</item>
    <!--Map of SSL client auth keystore aliases to passwords; the system uses this map
     to open private keys for generating signatures, X509
     authentication, etc. For each item, the name of the item maps
     to the alias of a private key and the value of the item is the
     password to that particular key-->
    <map name="SslPrivateKeyPasswords">
        <item name="8w6bn5ytlywr3amucwpi4koia">eyJhbGciOiJkaXIiLCJlbmMiOiJBMTI4Q0JDLUhTMjU2Iiwia2lkIjoiaDlHcUZRemZTMyIsInZlcnNpb24iOiI4LjEuMy4wIn0..KG3GiDMpMPiFTr-mQ455lQ.W2LUJ2vRGH5aUbDjqTGnEw.ysUmcqAK6HBCLQqDkQOOfQ</item>
        <item name="xpbzatud9xrmhe9jojg74a6lx">eyJhbGciOiJkaXIiLCJlbmMiOiJBMTI4Q0JDLUhTMjU2Iiwia2lkIjoiaDlHcUZRemZTMyIsInZlcnNpb24iOiI5LjIuMC4zIn0..xMnih_t5wEETZKzu_fAh_A.gU_8OXgInFH9x5GLljbTWMME45nLw0MVwfAhOt3GIy8.8fZksN-aUFkMaYqOqhck3Q</item>
    </map>
    <!--SSL HSM Keystore information: name and password-->
    <item name="SslHSMKeystoreName">ping-ssl.hsmks</item>
    <item name="SslHSMKeystorePassword"/>
    <!--Do not modify-->
    <item name="SslHSMKeystoreType2">default</item>
    <!--Map of SSL client auth keystore aliases to passwords; the system uses this map
     to open private keys for generating signatures, X509
     authentication, etc. For each item, the name of the item maps
     to the alias of a private key and the value of the item is the
     password to that particular key-->
    <map name="SslHSMPrivateKeyPasswords"/>
    <!--SSL Server Keystore information: name and password-->
    <item name="SslServerKeystoreName">ping-ssl-server.jks</item>
    <item name="SslServerKeystorePassword">eyJhbGciOiJkaXIiLCJlbmMiOiJBMTI4Q0JDLUhTMjU2Iiwia2lkIjoiaDlHcUZRemZTMyIsInZlcnNpb24iOiI4LjEuMy4wIn0..qAxTDi7zXmlvEierlUivhA.Ere0yQ1emZZ5e-qWPBrhDytLtVP2jznaBsdgX6AT2Os.KPSscjtsLrC2aU21LqUaPw</item>
    <!--Do not modify-->
    <item name="SslServerKeystoreType2">default</item>
    <!--Map of SSL Server keystore aliases to passwords; the system uses this map
         to open private keys for generating signatures, X509
         authentication, etc. For each item, the name of the item maps
         to the alias of a private key and the value of the item is the
         password to that particular key-->
    <map name="SslServerPrivateKeyPasswords">
        <item name="7qehg3nxzk9krtifgjwwv7q2i">eyJhbGciOiJkaXIiLCJlbmMiOiJBMTI4Q0JDLUhTMjU2Iiwia2lkIjoiaDlHcUZRemZTMyIsInZlcnNpb24iOiI4LjEuMy4wIn0..XOfsAS9CgwgFqaZmuXGPSw._uKWV5EAhbZyxu6Y8fmW1A.CG9qcZeR9fi5hCFgXVvDSw</item>
        <item name="0nt8m0zwf9yg48qada7gbciuq">eyJhbGciOiJkaXIiLCJlbmMiOiJBMTI4Q0JDLUhTMjU2Iiwia2lkIjoiaDlHcUZRemZTMyIsInZlcnNpb24iOiI4LjEuMy4wIn0..c5wEXiUVN0gRQL3EfGuCQg.Vhuyvk3JQOryiGfQM00zjQ.Tuw3JJHiL5kwSE5H-w2kUA</item>
        <item name="5ucq5h2x1s2th8tfev9l06o9b">eyJhbGciOiJkaXIiLCJlbmMiOiJBMTI4Q0JDLUhTMjU2Iiwia2lkIjoiaDlHcUZRemZTMyIsInZlcnNpb24iOiI5LjAuMC4xMCJ9..wr84miyjVfDwdSeBV2f1HA.awiVqQuNfiA80CmaDABaxg.Qmdz1u5Io9Mjbi32227LIw</item>
        <item name="tcqe17hepmufeulnz71n5imyk">eyJhbGciOiJkaXIiLCJlbmMiOiJBMTI4Q0JDLUhTMjU2Iiwia2lkIjoiaDlHcUZRemZTMyIsInZlcnNpb24iOiI4LjEuMy4wIn0..DTGksM2jdr0OuMMQcQcdCQ.GoNKxIL9E-G6Qa7Fk7hO_g.BEZkb_p2PDfC0XPi0udHrQ</item>
        <item name="7ho3nd2hq2oe4ilnegdk8v2mb">eyJhbGciOiJkaXIiLCJlbmMiOiJBMTI4Q0JDLUhTMjU2Iiwia2lkIjoiaDlHcUZRemZTMyIsInZlcnNpb24iOiI4LjEuMy4wIn0..ToylvVcdhLH6ieLwY5TOjw.f46pztRY77pQ4ylczm97mw.Z5uZPfhhOAGj9vVAddBjVg</item>
    </map>
    <!--SSL HSM Server Keystore information: name and password-->
    <item name="SslServerHSMKeystoreName">ping-ssl-server.hsmks</item>
    <item name="SslServerHSMKeystorePassword"/>
    <!--Do not modify-->
    <item name="SslServerHSMKeystoreType2">default</item>
    <!--Map of SSL Server keystore aliases to passwords; the system uses this map
         to open private keys for generating signatures, X509
         authentication, etc. For each item, the name of the item maps
         to the alias of a private key and the value of the item is the
         password to that particular key-->
    <map name="SslServerHSMPrivateKeyPasswords"/>
    <!--Truststore Keystore information: name and password-->
    <item name="TrustKeystoreName">ping-trust.jks</item>
    <item name="TrustKeystorePassword">eyJhbGciOiJkaXIiLCJlbmMiOiJBMTI4Q0JDLUhTMjU2Iiwia2lkIjoiaDlHcUZRemZTMyIsInZlcnNpb24iOiI4LjEuMy4wIn0..HQ_tB62caqQbl7vDNWrFdA.n9i8dfegipUiAF3p9cQK5XcY2gm9QYva0rrsiTq5_RM.KeApA0hzpPKzs8Iolg2piQ</item>
    <!--You can specify a key store type here. Available keystore types are
          JKS     - Java Keystore
          nCipher.sworld - nCipher keystore
          LunaMP  - Luna keystore. It is available only when Luna HSM is used
          default - let the system select a keystore type for you. For Luna HSM 4, LunaMP is used and version 5 will use JKS.
                    For nCipher, nCipher.sworld is used. Otherwise, JKS is used-->
    <item name="TrustKeystoreType2">default</item>
    <!--Truststore HSM Keystore information: name and password-->
    <item name="TrustHSMKeystoreName">ping-trust.hsmks</item>
    <item name="TrustHSMKeystorePassword"/>
    <!--You can specify a key store type here. Available keystore types are
          JKS     - Java Keystore
          nCipher.sworld - nCipher keystore
          LunaMP  - Luna keystore. It is available only when Luna HSM is used
          default - let the system select a keystore type for you. For Luna HSM 4, LunaMP is used and version 5 will use JKS.
                    For nCipher, nCipher.sworld is used. Otherwise, JKS is used-->
    <item name="TrustHSMKeystoreType2">default</item>
    <!--General keystore information: name and password-->
    <item name="GeneralKeystoreName">ping-general.jks</item>
    <item name="GeneralKeystorePassword">eyJhbGciOiJkaXIiLCJlbmMiOiJBMTI4Q0JDLUhTMjU2Iiwia2lkIjoiaDlHcUZRemZTMyIsInZlcnNpb24iOiI4LjEuMy4wIn0..h7q-XTIlOJvdP54tjW_-Ww.paWJ1ga4PDrkGM5D19WXz_pJrWLsId5qyX1FRFC9lVQ.2lbxBUCiXGvYVZjkoreopg</item>
    <!--Do not modify-->
    <item name="GeneralKeystoreType2">default</item>
    <!--Map of General keystore aliases to passwords; the system uses this map
     to open private keys for generating signatures, X509
     authentication, etc. For each item, the name of the item maps
     to the alias of a private key, and the value of the item is the
     password to that particular key.-->
    <map name="GeneralPrivateKeyPasswords">
        <item name="p9qvvwmu221dqg2q1f0596lya">eyJhbGciOiJkaXIiLCJlbmMiOiJBMTI4Q0JDLUhTMjU2Iiwia2lkIjoiaDlHcUZRemZTMyIsInZlcnNpb24iOiI4LjMuMS4zIn0..yqdooYkGopl-XZdcoIAqjg.3QCAxmzvdJ_C9XNiYGfqNA.iYOsMzXCihW44WC_xmx2Rw</item>
    </map>
    <!--General HSM keystore information: name and password-->
    <item name="GeneralHSMKeystoreName">ping-general.hsmks</item>
    <item name="GeneralHSMKeystorePassword"/>
    <!--Do not modify-->
    <item name="GeneralHSMKeystoreType2">default</item>
    <!--Map of General keystore aliases to passwords; the system uses this map
     to open private keys for generating signatures, X509
     authentication, etc. For each item, the name of the item maps
     to the alias of a private key, and the value of the item is the
     password to that particular key.-->
    <map name="GeneralHSMPrivateKeyPasswords"/>
</config>