<?xml version="1.0" encoding="UTF-8"?>
<con:config xmlns:con="http://www.sourceid.org/2004/05/config">
    <con:item name="Associated">true</con:item>
    <con:item name="ApplicationDockEndpoint">https://desktop.pingone.com/cd-621417825.pingidentity</con:item>
    <con:item name="ProvisioningBaseUrl">https://scim.connect.pingidentity.com/prov-service</con:item>
    <con:item name="KeyPairAlias">p9qvvwmu221dqg2q1f0596lya</con:item>
    <con:item name="ClientId">4af39b59-3189-4752-866f-2c99121625be</con:item>
    <con:item name="AccountId">66de65d2-b6d2-4da5-9b2d-d2c4640efb13</con:item>
    <con:item name="CompanyName">IPFS</con:item>
</con:config>