<?xml version="1.0" encoding="UTF-8"?>
<con:config xmlns:con="http://www.sourceid.org/2004/05/config">
    <con:map name="password-credential-validators">
        <con:item name="PingID">com.pingidentity.plugins.pcvs.pingid.PingIdPCV</con:item>
        <con:item name="XPingDir">org.sourceid.saml20.domain.LDAPUsernamePasswordCredentialValidator</con:item>
        <con:item name="UserPass">org.sourceid.saml20.domain.SimpleUsernamePasswordCredentialValidator</con:item>
        <con:item name="SQLSP">com.pingidentity.passwordcredentialvalidator.sqlstoredprocedure.SQLSPPasswordCredentialValidator</con:item>
    </con:map>
    <con:map name="password-credential-validators-parents"/>
</con:config>