<?xml version="1.0" encoding="UTF-8"?>
<con:config xmlns:con="http://www.sourceid.org/2004/05/config">
    <con:item name="SigningKeyPairAlias">vwhfmpx1u7z779p1h82ppxj0h</con:item>
    <con:item name="MetadataUploadPending">false</con:item>
    <con:item name="ProvisioningUsername">prov-81i72XlMsZ</con:item>
    <con:item name="EncryptedProvisioningPassword">OBF:JWE:eyJhbGciOiJkaXIiLCJlbmMiOiJBMTI4Q0JDLUhTMjU2Iiwia2lkIjoiaDlHcUZRemZTMyIsInZlcnNpb24iOiI5LjMuMC4zIn0..k8Ic6XNv01edlgaWL_WgRA.UstAfpRdDTD1-D4Hgbupi4q_tN87asZeMMw4RqYaaMM.5ArmAspA3K_8UzmOD6FK7Q</con:item>
</con:config>