<?xml version="1.0" encoding="UTF-8"?>
<md:EntityDescriptor entityID="X509" urn:name="X509" ID="Iyy9E6GqMCNqa8gsJuCpfG7.yJi" urn:LogLevel="STANDARD" urn:isActive="true" xmlns:md="urn:oasis:names:tc:SAML:2.0:metadata" xmlns:urn="urn:sourceid.org:saml2:metadata-extension:v2">
    <md:Extensions>
        <urn:EntityExtension PFVersion="9.2.0.3" LicenseGroup="">
            <urn:DigitialSignatureAliases SigningKeyAlias="xnia6zywxai3f99gxkzs4vx4y" includeX509inXmlSig="false" includeRawKeyInXmlSig="false" SigningAlgorithm="http://www.w3.org/2001/04/xmldsig-more#rsa-sha256"/>
            <urn:Encryption>
                <urn:EncryptionPolicy EncryptionAlgorithm="http://www.w3.org/2001/04/xmlenc#aes128-cbc" KeyTransportAlgorithm="http://www.w3.org/2001/04/xmlenc#rsa-oaep-mgf1p" EncryptAssertion="false" EncryptSubjectNameID="false" SLOEncryptSubjectNameID="false"/>
                <urn:DecryptionPolicy AssertionEncrypted="false" SubjectNameIDEncrypted="false" AttributeEncrypted="false" SLOSubjectNameIDEncrypted="false"/>
            </urn:Encryption>
            <urn:MetadataUrlId xsi:nil="true" xmlns:xsi="http://www.w3.org/2001/XMLSchema-instance"/>
            <urn:enableAutoMetadataUpdate>false</urn:enableAutoMetadataUpdate>
            <urn:AdditionalAllowedEntitiesConfiguration>
                <urn:AllowAdditionalEntities>false</urn:AllowAdditionalEntities>
                <urn:AllowAllEntities>false</urn:AllowAllEntities>
                <urn:AdditionalAllowedEntities/>
            </urn:AdditionalAllowedEntitiesConfiguration>
        </urn:EntityExtension>
    </md:Extensions>
    <md:SPSSODescriptor protocolSupportEnumeration="urn:oasis:names:tc:SAML:2.0:protocol" AuthnRequestsSigned="false" WantAssertionsSigned="false" SignResponseAsRequired="true">
        <md:Extensions>
            <urn:RoleExtension ArtifactTimeoutSeconds="60" LastModified="2018-11-24T13:37:02.904-07:00">
                <urn:IncomingBindings Artifact="false" POST="true" Redirect="false" SOAP="false"/>
                <urn:EnabledProfiles IDPInitiatedSSO="true" IDPInitiatedSLO="false" SPInitiatedSSO="true" SPInitiatedSLO="false"/>
                <urn:SP AssertionValidityAfterMinutes="5" AssertionValidityBeforeMinutes="5" ConnectionTargetType="Standard" EnableCDCDuringSSO="false">
                    <urn:AdapterToAssertionMapping AbortIfNotFoundInAnyDataSources="false" RestrictVirtualServerIds="false" AdapterInstanceId="X509">
                        <urn:DefaultAttributeMapping>
                            <urn:AttributeMap Name="SAML_SUBJECT" Type="Adapter" Value="IssuerDN"/>
                            <urn:TokenAuthorizationIssuanceCriteria/>
                        </urn:DefaultAttributeMapping>
                    </urn:AdapterToAssertionMapping>
                    <urn:NameIdentifierMappingType IncludeAdditionalAttributes="false" IncludeAdditionalTransientAttributes="false"/>
                </urn:SP>
            </urn:RoleExtension>
        </md:Extensions>
        <md:NameIDFormat>urn:oasis:names:tc:SAML:1.1:nameid-format:unspecified</md:NameIDFormat>
        <md:AssertionConsumerService index="0" Location="https://www.google.com" Binding="urn:oasis:names:tc:SAML:2.0:bindings:HTTP-POST" isDefault="true"/>
    </md:SPSSODescriptor>
    <md:RoleDescriptor protocolSupportEnumeration="urn:oasis:names:tc:SAML:2.0:protocol" xsi:type="urn:PFAvailableCertsRoleDescriptorType" xmlns:xsi="http://www.w3.org/2001/XMLSchema-instance"/>
    <md:ContactPerson contactType="administrative"/>
</md:EntityDescriptor>