<?xml version="1.0" encoding="UTF-8"?>
<md:EntityDescriptor entityID="WorkdayInboundProvisioning" urn:name="WorkdayInboundProvisioning" ID="UbSSGVsIJkArXDJT3iaooGp2r20" urn:LogLevel="STANDARD" urn:isActive="false" xmlns:md="urn:oasis:names:tc:SAML:2.0:metadata" xmlns:urn="urn:sourceid.org:saml2:metadata-extension:v2">
    <md:Extensions>
        <urn:EntityExtension PFVersion="9.2.0.3" LicenseGroup="">
            <urn:DigitialSignatureAliases/>
            <urn:Encryption>
                <urn:EncryptionPolicy EncryptionAlgorithm="http://www.w3.org/2001/04/xmlenc#aes128-cbc" KeyTransportAlgorithm="http://www.w3.org/2001/04/xmlenc#rsa-oaep-mgf1p" EncryptAssertion="false" EncryptSubjectNameID="false" SLOEncryptSubjectNameID="false"/>
                <urn:DecryptionPolicy AssertionEncrypted="false" SubjectNameIDEncrypted="false" AttributeEncrypted="false" SLOSubjectNameIDEncrypted="false"/>
            </urn:Encryption>
            <urn:ConnectionTemplateProperties/>
            <urn:MetadataUrlId xsi:nil="true" xmlns:xsi="http://www.w3.org/2001/XMLSchema-instance"/>
            <urn:enableAutoMetadataUpdate>false</urn:enableAutoMetadataUpdate>
            <urn:AdditionalAllowedEntitiesConfiguration>
                <urn:AllowAdditionalEntities>false</urn:AllowAdditionalEntities>
                <urn:AllowAllEntities>false</urn:AllowAllEntities>
                <urn:AdditionalAllowedEntities/>
            </urn:AdditionalAllowedEntitiesConfiguration>
        </urn:EntityExtension>
    </md:Extensions>
    <md:RoleDescriptor protocolSupportEnumeration="urn:oasis:names:tc:SAML:2.0:protocol" xsi:type="urn:PFInboundProvisioningRoleDescriptorType" xmlns:xsi="http://www.w3.org/2001/XMLSchema-instance">
        <md:Extensions>
            <urn:RoleExtension LastModified="2019-01-17T13:10:01.451-07:00"/>
        </md:Extensions>
        <urn:InboundProvisioning PermanentlyDeleteUsersOnDelete="true">
            <urn:WriteUsersMapping>
                <urn:AttributeMap Name="otherFacsimileTelephoneNumber" Type="SCIM User" Value="phoneNumbers.fax.isPrimary"/>
                <urn:AttributeMap Name="telephoneNumber" Type="SCIM User" Value="phoneNumbers.other.value"/>
                <urn:AttributeMap Name="mail" Type="SCIM User" Value="emails.work.value"/>
                <urn:AttributeMap Name="displayName" Type="SCIM User" Value="displayName"/>
                <urn:AttributeMap Name="postalCode" Type="SCIM User" Value="addresses.work.postalCode"/>
                <urn:AttributeMap Name="title" Type="SCIM User" Value="title"/>
                <urn:AttributeMap Name="employeeNumber" Type="SCIM User" Value="employeeNumber"/>
                <urn:AttributeMap Name="otherTelephone" Type="SCIM User" Value="phoneNumbers.other.isPrimary"/>
                <urn:AttributeMap Name="otherPager" Type="SCIM User" Value="phoneNumbers.pager.isPrimary"/>
                <urn:AttributeMap Name="pager" Type="SCIM User" Value="phoneNumbers.pager.value"/>
                <urn:AttributeMap Name="otherMobile" Type="SCIM User" Value="phoneNumbers.mobile.isPrimary"/>
                <urn:AttributeMap Name="generationQualifier" Type="SCIM User" Value="name.honorificSuffix"/>
                <urn:AttributeMap Name="sn" Type="SCIM User" Value="name.familyName"/>
                <urn:AttributeMap Name="st" Type="SCIM User" Value="addresses.work.region"/>
                <urn:AttributeMap Name="c" Type="SCIM User" Value="addresses.work.country"/>
                <urn:AttributeMap Name="physicalDeliveryOfficeName" Type="SCIM User" Value="locale"/>
                <urn:AttributeMap Name="sAMAccountName" Type="SCIM User" Value="userName"/>
                <urn:AttributeMap Name="givenName" Type="SCIM User" Value="name.givenName"/>
                <urn:AttributeMap Name="mobile" Type="SCIM User" Value="phoneNumbers.mobile.value"/>
                <urn:AttributeMap Name="facsimileTelephoneNumber" Type="SCIM User" Value="phoneNumbers.fax.value"/>
                <urn:AttributeMap Name="l" Type="SCIM User" Value="addresses.work.locality"/>
                <urn:AttributeMap Name="o" Type="SCIM User" Value="organization"/>
                <urn:AttributeMap Name="employeeType" Type="SCIM User" Value="userType"/>
                <urn:AttributeMap Name="streetAddress" Type="SCIM User" Value="addresses.work.streetAddress"/>
                <urn:AttributeMap Name="middleName" Type="SCIM User" Value="name.middleName"/>
                <urn:AttributeMap Name="personalTitle" Type="SCIM User" Value="name.honorificPrefix"/>
                <urn:AttributeSource Description="LDAP" Type="LDAP" DataSourceId="LDAP-00E4EF726C1F873C818FE5418FD32157DEDFADD7">
                    <urn:Parameter Name="filter" Value="CN=${userName}"/>
                    <urn:Parameter Name="search_base" Value="REPLACE_WITH_REPOSITORY_BASE_DN"/>
                    <urn:Parameter Name="search_scope" Value="ONELEVEL_SCOPE"/>
                    <urn:Parameter Name="memberof_nested_group" Value="false"/>
                </urn:AttributeSource>
            </urn:WriteUsersMapping>
            <urn:ReadUsersMapping>
                <urn:AttributeMap Name="phoneNumbers.other.isPrimary" Type="LDAP" Value="otherTelephone"/>
                <urn:AttributeMap Name="displayName" Type="LDAP" Value="displayName"/>
                <urn:AttributeMap Name="addresses.work.streetAddress" Type="LDAP" Value="streetAddress"/>
                <urn:AttributeMap Name="name.middleName" Type="LDAP" Value="middleName"/>
                <urn:AttributeMap Name="phoneNumbers.mobile.value" Type="LDAP" Value="mobile"/>
                <urn:AttributeMap Name="locale" Type="LDAP" Value="physicalDeliveryOfficeName"/>
                <urn:AttributeMap Name="title" Type="LDAP" Value="title"/>
                <urn:AttributeMap Name="phoneNumbers.mobile.isPrimary" Type="LDAP" Value="otherMobile"/>
                <urn:AttributeMap Name="employeeNumber" Type="LDAP" Value="employeeNumber"/>
                <urn:AttributeMap Name="phoneNumbers.fax.value" Type="LDAP" Value="facsimileTelephoneNumber"/>
                <urn:AttributeMap Name="phoneNumbers.fax.isPrimary" Type="LDAP" Value="otherFacsimileTelephoneNumber"/>
                <urn:AttributeMap Name="name.givenName" Type="LDAP" Value="givenName"/>
                <urn:AttributeMap Name="phoneNumbers.pager.isPrimary" Type="LDAP" Value="otherPager"/>
                <urn:AttributeMap Name="name.honorificPrefix" Type="LDAP" Value="personalTitle"/>
                <urn:AttributeMap Name="name.honorificSuffix" Type="LDAP" Value="generationQualifier"/>
                <urn:AttributeMap Name="addresses.work.region" Type="LDAP" Value="st"/>
                <urn:AttributeMap Name="addresses.work.locality" Type="LDAP" Value="l"/>
                <urn:AttributeMap Name="phoneNumbers.other.value" Type="LDAP" Value="telephoneNumber"/>
                <urn:AttributeMap Name="phoneNumbers.pager.value" Type="LDAP" Value="pager"/>
                <urn:AttributeMap Name="emails.work.value" Type="LDAP" Value="mail"/>
                <urn:AttributeMap Name="userName" Type="LDAP" Value="sAMAccountName"/>
                <urn:AttributeMap Name="name.familyName" Type="LDAP" Value="sn"/>
                <urn:AttributeMap Name="addresses.work.postalCode" Type="LDAP" Value="postalCode"/>
                <urn:AttributeMap Name="organization" Type="LDAP" Value="o"/>
                <urn:AttributeMap Name="addresses.work.country" Type="LDAP" Value="c"/>
                <urn:AttributeMap Name="userType" Type="LDAP" Value="employeeType"/>
                <urn:AttributeSource Description="LDAP" Type="LDAP" DataSourceId="LDAP-00E4EF726C1F873C818FE5418FD32157DEDFADD7">
                    <urn:Parameter Name="filter" Value="CN=${userName}"/>
                    <urn:Parameter Name="search_base" Value="REPLACE_WITH_REPOSITORY_BASE_DN"/>
                    <urn:Parameter Name="search_scope" Value="ONELEVEL_SCOPE"/>
                    <urn:Parameter Name="memberof_nested_group" Value="false"/>
                </urn:AttributeSource>
            </urn:ReadUsersMapping>
            <urn:Scim>
                <schema>urn:scim:schemas:extension:enterprise:1.0</schema>
                <attributes>
                    <attribute>
                        <name>organization</name>
                        <multiValued>false</multiValued>
                        <schema>urn:scim:schemas:extension:enterprise:1.0</schema>
                        <subAttributes/>
                    </attribute>
                    <attribute>
                        <name>employeeNumber</name>
                        <multiValued>false</multiValued>
                        <schema>urn:scim:schemas:extension:enterprise:1.0</schema>
                        <subAttributes/>
                    </attribute>
                    <attribute>
                        <name>manager</name>
                        <type>complex</type>
                        <multiValued>false</multiValued>
                        <schema>urn:scim:schemas:extension:enterprise:1.0</schema>
                        <subAttributes>
                            <subAttribute>
                                <name>managerId</name>
                            </subAttribute>
                            <subAttribute>
                                <name>displayName</name>
                            </subAttribute>
                        </subAttributes>
                    </attribute>
                </attributes>
            </urn:Scim>
        </urn:InboundProvisioning>
    </md:RoleDescriptor>
    <md:RoleDescriptor protocolSupportEnumeration="urn:oasis:names:tc:SAML:2.0:protocol" xsi:type="urn:PFAvailableCertsRoleDescriptorType" xmlns:xsi="http://www.w3.org/2001/XMLSchema-instance"/>
    <md:ContactPerson contactType="administrative"/>
</md:EntityDescriptor>