<?xml version="1.0" encoding="UTF-8"?>
<urn:Clients xmlns:urn="urn:pingidentity.com:pf:oauth:client">
    <urn:Client client_id="rs_client" name="Resource Server Client" logo="" secret="gbyL3HEA5bYUyzO02O36eTyLmmxMSHhHDe26pjdKN04.52r6Oien.2" persistentGrantExpirationTime="0" enabled="true" lastModified="2019-01-24T10:21:49.195-07:00" bypassApprovalPage="false" restrictScopes="false" jwksUri="" jwks="" clientAuthnType="SECRET" enforceOneTimeJWT="false" isRequireSignedRequest="false">
        <urn:Description/>
        <urn:Grant type="refresh_token"/>
        <urn:Grant type="implicit"/>
        <urn:Grant type="password"/>
        <urn:Grant type="urn:pingidentity.com:oauth2:grant_type:validate_bearer"/>
        <urn:RedirectUri>https://sso.blantz.ping-eng.com:9031/OAuthPlayground/case2-callback.jsp</urn:RedirectUri>
        <urn:SupplementalInfo key="ALLOW_EXCLUSIVE_SCOPES" value="false"/>
        <urn:SupplementalInfo key="DEVICE_FLOW_SETTING" value="SERVER_DEFAULT"/>
        <urn:SupplementalInfo key="DEFAULT_ATM_ID" value="IMRT"/>
        <urn:SupplementalInfo key="PING_ACCESS_LOGOUT_CAPABLE" value="false"/>
        <urn:SupplementalInfo key="RESTRICT_RESPONSE_TYPES" value="false"/>
        <urn:SupplementalInfo key="ACCESS_SESSION_REVOCATION_API" value="false"/>
        <urn:SupplementalInfo key="VALIDATE_USING_ALL_ELIGIBLE_ATMS" value="false"/>
        <urn:SupplementalInfo key="ENABLED" value="true"/>
    </urn:Client>
</urn:Clients>