<?xml version="1.0" encoding="UTF-8"?>
<urn:Clients xmlns:urn="urn:pingidentity.com:pf:oauth:client">
    <urn:Client client_id="im_oic_client" name="OpenID ConnImplicit Client Profile" logo="" secret="IdT5Nj2a8rLBhsHY4m5tkb0WcswunaZN18R3ub1LPVU.MXKoNxNX.2" persistentGrantExpirationTime="0" lastModified="2018-10-10T10:40:13.530-06:00" bypassApprovalPage="false" restrictScopes="false" clientAuthnType="SECRET" enforceOneTimeJWT="false" isRequireSignedRequest="false">
        <urn:Description/>
        <urn:Grant type="implicit"/>
        <urn:RedirectUri>https://sso.blantz.ping-eng.com:9031/OAuthPlayground/case2A-callback.jsp</urn:RedirectUri>
        <urn:SupplementalInfo key="ACCESS_SESSION_REVOCATION_API" value="false"/>
        <urn:SupplementalInfo key="ALLOW_EXCLUSIVE_SCOPES" value="false"/>
        <urn:SupplementalInfo key="VALIDATE_USING_ALL_ELIGIBLE_ATMS" value="false"/>
        <urn:SupplementalInfo key="PING_ACCESS_LOGOUT_CAPABLE" value="false"/>
        <urn:SupplementalInfo key="RESTRICT_RESPONSE_TYPES" value="false"/>
    </urn:Client>
</urn:Clients>