<?xml version="1.0" encoding="UTF-8"?>
<urn:Clients xmlns:urn="urn:pingidentity.com:pf:oauth:client">
    <urn:Client client_id="apptest" name="wefawe" logo="" secret="Xb8pzM9ILfjqXwEnchFuV1_V2qGdobl4uthN6AEu1ZM.hEjsBmvw.2" persistentGrantExpirationTime="0" enabled="true" lastModified="2019-04-18T10:41:13.527-06:00" bypassApprovalPage="false" restrictScopes="false" jwksUri="" jwks="" clientAuthnType="SECRET" enforceOneTimeJWT="false" isRequireSignedRequest="false">
        <urn:Description/>
        <urn:Grant type="password"/>
        <urn:SupplementalInfo key="ALLOW_EXCLUSIVE_SCOPES" value="false"/>
        <urn:SupplementalInfo key="DEVICE_FLOW_SETTING" value="SERVER_DEFAULT"/>
        <urn:SupplementalInfo key="PING_ACCESS_LOGOUT_CAPABLE" value="false"/>
        <urn:SupplementalInfo key="RESTRICT_RESPONSE_TYPES" value="false"/>
        <urn:SupplementalInfo key="REQUIRE_PROOF_KEY_FOR_CODE_EXCHANGE" value="false"/>
        <urn:SupplementalInfo key="ACCESS_SESSION_REVOCATION_API" value="false"/>
        <urn:SupplementalInfo key="PERSISTENT_GRANT_IDLE_TIMEOUT_TYPE" value="SERVER_DEFAULT"/>
        <urn:SupplementalInfo key="VALIDATE_USING_ALL_ELIGIBLE_ATMS" value="false"/>
        <urn:SupplementalInfo key="ENABLED" value="true"/>
    </urn:Client>
</urn:Clients>