<?xml version="1.0" encoding="UTF-8"?>
<urn:Clients xmlns:urn="urn:pingidentity.com:pf:oauth:client">
    <urn:Client client_id="aws" name="aws" logo="" secret="PY-KjYbkkOjACMEiAE5bkVpdp-eqTrMub-t1TAnESjo.-xh0i9vD.2" persistentGrantExpirationTime="0" persistentGrantExpirationTimeUnit="d" lastModified="1969-12-31T17:00:00.000-07:00" bypassApprovalPage="true" restrictScopes="false" clientAuthnType="SECRET" enforceOneTimeJWT="false" isRequireSignedRequest="false">
        <urn:Description>aws</urn:Description>
        <urn:Grant type="authorization_code"/>
        <urn:RedirectUri>https://sso.blantz.ping-eng.com:9031/aws/callback.jsp</urn:RedirectUri>
        <urn:SupplementalInfo key="ACCESS_SESSION_REVOCATION_API" value="false"/>
        <urn:SupplementalInfo key="DEFAULT_ATM_ID" value="IMRT"/>
        <urn:SupplementalInfo key="PING_ACCESS_LOGOUT_CAPABLE" value="false"/>
    </urn:Client>
</urn:Clients>