<?xml version="1.0" encoding="UTF-8"?>
<urn:Clients xmlns:urn="urn:pingidentity.com:pf:oauth:client">
    <urn:Client client_id="saml_client" name="SAML Client" logo="" persistentGrantExpirationTime="0" lastModified="2018-10-10T10:40:33.045-06:00" bypassApprovalPage="false" restrictScopes="false" clientAuthnType="NONE" enforceOneTimeJWT="false" isRequireSignedRequest="false">
        <urn:Description/>
        <urn:Grant type="extension"/>
        <urn:SupplementalInfo key="ACCESS_SESSION_REVOCATION_API" value="false"/>
        <urn:SupplementalInfo key="ALLOW_EXCLUSIVE_SCOPES" value="false"/>
        <urn:SupplementalInfo key="VALIDATE_USING_ALL_ELIGIBLE_ATMS" value="false"/>
        <urn:SupplementalInfo key="PING_ACCESS_LOGOUT_CAPABLE" value="false"/>
        <urn:SupplementalInfo key="RESTRICT_RESPONSE_TYPES" value="false"/>
    </urn:Client>
</urn:Clients>