<?xml version="1.0" encoding="UTF-8"?>
<urn:Clients xmlns:urn="urn:pingidentity.com:pf:oauth:client">
    <urn:Client client_id="test" name="test" logo="" secret="LaNzZfyofG3MCRfDVnC5FdxjrS6JrWY6h_yqePGwDDk.6kGOE2Vo.2" persistentGrantExpirationTime="0" persistentGrantExpirationTimeUnit="d" lastModified="1969-12-31T17:00:00.000-07:00" bypassApprovalPage="true" restrictScopes="false" clientAuthnType="SECRET" enforceOneTimeJWT="false" isRequireSignedRequest="false">
        <urn:Description>test</urn:Description>
        <urn:Grant type="password"/>
        <urn:Grant type="client_credentials"/>
        <urn:SupplementalInfo key="ACCESS_SESSION_REVOCATION_API" value="false"/>
        <urn:SupplementalInfo key="DEFAULT_ATM_ID" value="JWt"/>
        <urn:SupplementalInfo key="PING_ACCESS_LOGOUT_CAPABLE" value="false"/>
    </urn:Client>
</urn:Clients>