<?xml version="1.0" encoding="UTF-8"?>
<urn:Clients xmlns:urn="urn:pingidentity.com:pf:oauth:client">
    <urn:Client client_id="awstest" name="awstest" logo="" secret="AHBXyXbX-JR27CFxKRCosi3w6p38NM_aDO1wMuj6M44.YhDGGKRH.2" persistentGrantExpirationTime="0" persistentGrantExpirationTimeUnit="d" lastModified="2017-03-06T15:45:13.107-07:00" bypassApprovalPage="false" restrictScopes="false" clientAuthnType="SECRET" enforceOneTimeJWT="false" isRequireSignedRequest="false">
        <urn:Description/>
        <urn:Grant type="password"/>
        <urn:Grant type="client_credentials"/>
        <urn:SupplementalInfo key="ACCESS_SESSION_REVOCATION_API" value="false"/>
        <urn:SupplementalInfo key="VALIDATE_USING_ALL_ELIGIBLE_ATMS" value="false"/>
        <urn:SupplementalInfo key="DEFAULT_ATM_ID" value="JWt"/>
        <urn:SupplementalInfo key="PING_ACCESS_LOGOUT_CAPABLE" value="false"/>
    </urn:Client>
</urn:Clients>