<?xml version="1.0" encoding="UTF-8"?>
<urn:Clients xmlns:urn="urn:pingidentity.com:pf:oauth:client">
    <urn:Client client_id="PingAccessGlobalSession" name="PingAccessGlobalSession" logo="" secret="pNFQxUZ4Ym_BglRmQqzlyzgTEwlVErtONpv_fvRHU_Y.tbHN5W7I.2" persistentGrantExpirationTime="0" lastModified="2018-10-10T10:37:09.957-06:00" bypassApprovalPage="true" restrictScopes="false" clientAuthnType="SECRET" enforceOneTimeJWT="false" isRequireSignedRequest="false">
        <urn:Description/>
        <urn:Grant type="authorization_code"/>
        <urn:RedirectUri>http://paxweb.blantz.ping-eng.com:3000/pa/oidc/cb</urn:RedirectUri>
        <urn:SupplementalInfo key="ACCESS_SESSION_REVOCATION_API" value="true"/>
        <urn:SupplementalInfo key="ALLOW_EXCLUSIVE_SCOPES" value="false"/>
        <urn:SupplementalInfo key="VALIDATE_USING_ALL_ELIGIBLE_ATMS" value="false"/>
        <urn:SupplementalInfo key="PING_ACCESS_LOGOUT_CAPABLE" value="false"/>
        <urn:SupplementalInfo key="RESTRICT_RESPONSE_TYPES" value="false"/>
    </urn:Client>
</urn:Clients>