<?xml version="1.0" encoding="UTF-8"?>
<urn:Clients xmlns:urn="urn:pingidentity.com:pf:oauth:client">
    <urn:Client client_id="PingAccessResourceServer" name="PingAccessResourceServer" logo="" secret="G9_qcsdVzRCij4R-rBsSLg--1IY50M23C9O6lkAqr4o.793Scyof.2" persistentGrantExpirationTime="0" lastModified="2018-10-10T10:40:59.716-06:00" bypassApprovalPage="false" restrictScopes="false" clientAuthnType="SECRET" enforceOneTimeJWT="false" isRequireSignedRequest="false">
        <urn:Description/>
        <urn:Grant type="urn:pingidentity.com:oauth2:grant_type:validate_bearer"/>
        <urn:SupplementalInfo key="ACCESS_SESSION_REVOCATION_API" value="false"/>
        <urn:SupplementalInfo key="ALLOW_EXCLUSIVE_SCOPES" value="false"/>
        <urn:SupplementalInfo key="VALIDATE_USING_ALL_ELIGIBLE_ATMS" value="false"/>
        <urn:SupplementalInfo key="PING_ACCESS_LOGOUT_CAPABLE" value="false"/>
        <urn:SupplementalInfo key="RESTRICT_RESPONSE_TYPES" value="false"/>
    </urn:Client>
</urn:Clients>