<?xml version="1.0" encoding="UTF-8"?>
<urn:OAuthConfig enableOAuth="true" authzCodeLength="30" authzCodeTimeout="60" rollRefreshTokens="true" rollingInterval="0" refreshTokenLength="42" selectedPcv="XPingDir" atmIdForOAuthGrantManagement="" scopeForOAuthGrantManagement="" globalPersistentGrantExpirationTime="-1" globalPersistentGrantExpirationTimeUnit="d" globalPersistentGrantIdleTimeout="30" globalPersistentGrantIdleTimeoutTimeUnit="d" tokenEndpointBaseUrl="" userAuthzUrl="" registeredAuthzPath="" pendingAuthzTimeout="600" bypassActivationCodeConfirmation="false" devicePollingInterval="5" authzConsentSetting="INTERNAL" xmlns:urn="urn:pingidentity.com:pf:oauth:conf">
    <urn:UserKeyToAccessTokenMapping contextId="default" tokenManagerId="IMRT">
        <urn1:AttributeMap Name="fname" Type="Text" Value="james" xmlns:urn1="urn:sourceid.org:saml2:metadata-extension:v2"/>
        <urn1:AttributeMap Name="lname" Type="Text" Value="blantz" xmlns:urn1="urn:sourceid.org:saml2:metadata-extension:v2"/>
        <urn1:AttributeMap Name="Username" Type="Persistent Grant" Value="USER_KEY" xmlns:urn1="urn:sourceid.org:saml2:metadata-extension:v2"/>
        <urn1:AttributeMap Name="description" Type="Text" Value="RSA" xmlns:urn1="urn:sourceid.org:saml2:metadata-extension:v2"/>
        <urn1:AttributeMap Name="OrgName" Type="Text" Value="Ping Identity Corporation" xmlns:urn1="urn:sourceid.org:saml2:metadata-extension:v2"/>
        <urn1:AttributeMap Name="memberOf" Type="Text" Value="sales" xmlns:urn1="urn:sourceid.org:saml2:metadata-extension:v2"/>
        <urn1:AttributeMap Name="department" Type="Text" Value="RSA" xmlns:urn1="urn:sourceid.org:saml2:metadata-extension:v2"/>
        <urn1:AttributeMap Name="title" Type="Text" Value="RSA" xmlns:urn1="urn:sourceid.org:saml2:metadata-extension:v2"/>
        <urn1:AttributeMap Name="email" Type="Text" Value="jblantz@pingidentity.com" xmlns:urn1="urn:sourceid.org:saml2:metadata-extension:v2"/>
        <urn1:TokenAuthorizationIssuanceCriteria xmlns:urn1="urn:sourceid.org:saml2:metadata-extension:v2"/>
    </urn:UserKeyToAccessTokenMapping>
    <urn:UserKeyToAccessTokenMapping contextId="default" tokenManagerId="JWt">
        <urn1:AttributeMap Name="supporterID" Type="Persistent Grant" Value="USER_KEY" xmlns:urn1="urn:sourceid.org:saml2:metadata-extension:v2"/>
        <urn1:AttributeMap Name="memberOf" Type="Persistent Grant" Value="USER_KEY" xmlns:urn1="urn:sourceid.org:saml2:metadata-extension:v2"/>
        <urn1:AttributeMap Name="email" Type="Persistent Grant" Value="USER_KEY" xmlns:urn1="urn:sourceid.org:saml2:metadata-extension:v2"/>
        <urn1:AttributeMap Name="username" Type="Persistent Grant" Value="USER_KEY" xmlns:urn1="urn:sourceid.org:saml2:metadata-extension:v2"/>
        <urn1:TokenAuthorizationIssuanceCriteria xmlns:urn1="urn:sourceid.org:saml2:metadata-extension:v2"/>
    </urn:UserKeyToAccessTokenMapping>
    <urn:AdapterToUserKeyMapping sourcePluginId="HTMLFormAdapter">
        <urn1:AttributeMap Name="USER_NAME" Type="Adapter" Value="username" xmlns:urn1="urn:sourceid.org:saml2:metadata-extension:v2"/>
        <urn1:AttributeMap Name="USER_KEY" Type="Adapter" Value="username" xmlns:urn1="urn:sourceid.org:saml2:metadata-extension:v2"/>
        <urn1:AttributeSource Id="pingdir" Description="pingdir" Type="LDAP" DataSourceId="LDAP-00E4EF726C1F873C818FE5418FD32157DEDFADD7" xmlns:urn1="urn:sourceid.org:saml2:metadata-extension:v2">
            <urn1:Parameter Name="filter" Value="uid=${username}"/>
            <urn1:Parameter Name="search_base" Value="DC=jbnetwork,DC=com"/>
            <urn1:Parameter Name="search_scope" Value="SUBTREE_SCOPE"/>
            <urn1:Parameter Name="memberof_nested_group" Value="false"/>
        </urn1:AttributeSource>
        <urn1:TokenAuthorizationIssuanceCriteria xmlns:urn1="urn:sourceid.org:saml2:metadata-extension:v2"/>
    </urn:AdapterToUserKeyMapping>
    <urn:PasswordCredentialValidatorToUserKeyMapping sourcePluginId="XPingDir">
        <urn1:AttributeMap Name="USER_KEY" Type="LDAP" AttributeSourceId="pingdir" Value="Subject DN" xmlns:urn1="urn:sourceid.org:saml2:metadata-extension:v2"/>
        <urn1:AttributeSource Id="pingdir" Description="pingdir" Type="LDAP" DataSourceId="LDAP-00E4EF726C1F873C818FE5418FD32157DEDFADD7" xmlns:urn1="urn:sourceid.org:saml2:metadata-extension:v2">
            <urn1:Parameter Name="filter" Value="uid=${username}"/>
            <urn1:Parameter Name="search_base" Value="DC=jbnetwork,DC=com"/>
            <urn1:Parameter Name="search_scope" Value="SUBTREE_SCOPE"/>
            <urn1:Parameter Name="memberof_nested_group" Value="false"/>
        </urn1:AttributeSource>
        <urn1:TokenAuthorizationIssuanceCriteria xmlns:urn1="urn:sourceid.org:saml2:metadata-extension:v2"/>
    </urn:PasswordCredentialValidatorToUserKeyMapping>
    <urn:ApcToUserKeyMapping sourcePluginId="ai0jMIAQYFL31ZWB">
        <urn1:AttributeMap Name="USER_NAME" Type="Authentication Policy Contract" Value="subject" xmlns:urn1="urn:sourceid.org:saml2:metadata-extension:v2"/>
        <urn1:AttributeMap Name="USER_KEY" Type="Authentication Policy Contract" Value="subject" xmlns:urn1="urn:sourceid.org:saml2:metadata-extension:v2"/>
        <urn1:TokenAuthorizationIssuanceCriteria xmlns:urn1="urn:sourceid.org:saml2:metadata-extension:v2"/>
    </urn:ApcToUserKeyMapping>
    <urn:ReuseExistingPersistentGrantForGrant>implicit</urn:ReuseExistingPersistentGrantForGrant>
</urn:OAuthConfig>