<?xml version="1.0" encoding="UTF-8"?>
<urn:OpenIdConnectProviderPolicy enabled="true" defaultPolicyGroupId="PingAccess" trackUserSessionsForLogout="false" xmlns:urn="urn:pingidentity.com:pf:openid:connect:idp:policy">
    <urn:ProviderPolicyGroup policyId="PingAccess" idTokenLife="5" includeSriInIdToken="true" includeUserInfoInIdToken="false" includeSHashInIdToken="false" policyName="PingAccess" accessTokenManagerId="IMRT">
        <urn:UserInfoMapping>
            <urn1:AttributeMap Name="sub" Type="Token" Value="Username" xmlns:urn1="urn:sourceid.org:saml2:metadata-extension:v2"/>
            <urn1:AttributeMap Name="description" Type="Token" Value="description" xmlns:urn1="urn:sourceid.org:saml2:metadata-extension:v2"/>
            <urn1:AttributeMap Name="memberOf" Type="Token" Value="memberOf" xmlns:urn1="urn:sourceid.org:saml2:metadata-extension:v2"/>
            <urn1:AttributeMap Name="department" Type="Token" Value="department" xmlns:urn1="urn:sourceid.org:saml2:metadata-extension:v2"/>
            <urn1:AttributeMap Name="title" Type="Token" Value="title" xmlns:urn1="urn:sourceid.org:saml2:metadata-extension:v2"/>
            <urn1:AttributeSource Id="pingdir" Description="pingdir" Type="LDAP" DataSourceId="LDAP-00E4EF726C1F873C818FE5418FD32157DEDFADD7" xmlns:urn1="urn:sourceid.org:saml2:metadata-extension:v2">
                <urn1:Parameter Name="filter" Value="uid=${Username}"/>
                <urn1:Parameter Name="search_base" Value="DC=jbnetwork,DC=com"/>
                <urn1:Parameter Name="search_scope" Value="SUBTREE_SCOPE"/>
                <urn1:Parameter Name="memberof_nested_group" Value="false"/>
            </urn1:AttributeSource>
            <urn1:TokenAuthorizationIssuanceCriteria xmlns:urn1="urn:sourceid.org:saml2:metadata-extension:v2"/>
        </urn:UserInfoMapping>
        <urn:scopeAttributesMap/>
        <urn:attributeContractInclusionMap/>
    </urn:ProviderPolicyGroup>
</urn:OpenIdConnectProviderPolicy>