<?xml version="1.0" encoding="UTF-8"?>
<ldap:ldap-sources xmlns:ldap="http://pingidentity.com/2004/09/ldap-ds">
    <ldap:ldap-source id="LDAP-80D23A05772AF718D6DD09EAB02BC5D69A667AFF" maskAttributeValues="false" ldapType="ActiveDirectory" ldapTypeDesc="Active Directory" testOnBorrow="false" testOnReturn="false" createIfNecessary="true" minIdle="10" maxActive="100" maxWait="-1" timeBetweenEvictionRunsMillis="60000" readTimeoutMillis="3000" connTimeoutMillis="3000" verifyHost="true" dnsTtlMillis="60000" ldapDnsSrvPrefix="_ldap._tcp" ldapsDnsSrvPrefix="_ldaps._tcp">
        <ldap:host>10.101.33.2</ldap:host>
        <ldap:principal>CN=Administrator,CN=Users,DC=jbnetwork,DC=global</ldap:principal>
        <ldap:use-ssl>false</ldap:use-ssl>
        <ldap:use-dns-srv-records>false</ldap:use-dns-srv-records>
        <ldap:credentials>eyJhbGciOiJkaXIiLCJlbmMiOiJBMTI4Q0JDLUhTMjU2Iiwia2lkIjoiaDlHcUZRemZTMyIsInZlcnNpb24iOiI5LjIuMC4zIn0..qbUg2061jY94TGjU7Yp0Hw.m4qjKd1mEgQIzPLxs558IQ.pudQ-b9G2unoiAyLsgHwTA</ldap:credentials>
        <ldap:authenticationMeth>simple</ldap:authenticationMeth>
        <ldap:description>New LDAP</ldap:description>
        <ldap:name>New LDAP</ldap:name>
        <ldap:binaryAttributes/>
    </ldap:ldap-source>
    <ldap:ldap-source id="LDAP-00E4EF726C1F873C818FE5418FD32157DEDFADD7" maskAttributeValues="false" ldapType="PingDirectory" ldapTypeDesc="PingDirectory" testOnBorrow="false" testOnReturn="false" createIfNecessary="true" minIdle="10" maxActive="100" maxWait="-1" timeBetweenEvictionRunsMillis="60000" readTimeoutMillis="3000" connTimeoutMillis="3000" verifyHost="true" dnsTtlMillis="60000" ldapDnsSrvPrefix="_ldap._tcp" ldapsDnsSrvPrefix="_ldaps._tcp">
        <ldap:host>10.101.4.243</ldap:host>
        <ldap:principal>cn=Directory Manager</ldap:principal>
        <ldap:use-ssl>false</ldap:use-ssl>
        <ldap:use-dns-srv-records>false</ldap:use-dns-srv-records>
        <ldap:credentials>eyJhbGciOiJkaXIiLCJlbmMiOiJBMTI4Q0JDLUhTMjU2Iiwia2lkIjoiaDlHcUZRemZTMyIsInZlcnNpb24iOiI5LjIuMC4zIn0..BUNc1yfUJVYvemzhCF1XAA._WB1lbvfzfkHr-aslrrpjA.aiAtmJ3BJCHRFzW9QJnQAA</ldap:credentials>
        <ldap:authenticationMeth>simple</ldap:authenticationMeth>
        <ldap:description>10.101.4.243 (cn=Directory Manager)</ldap:description>
        <ldap:name>10.101.4.243 (cn=Directory Manager)</ldap:name>
        <ldap:binaryAttributes/>
    </ldap:ldap-source>
    <ldap:ldap-source id="LDAP-80757FE4493C8609EF363D4B6CE652B9EC0364FF" maskAttributeValues="false" ldapType="ActiveDirectory" ldapTypeDesc="Active Directory" testOnBorrow="false" testOnReturn="false" createIfNecessary="true" minIdle="10" maxActive="100" maxWait="-1" timeBetweenEvictionRunsMillis="60000" readTimeoutMillis="3000" connTimeoutMillis="3000" verifyHost="false" dnsTtlMillis="60000" ldapDnsSrvPrefix="_ldap._tcp" ldapsDnsSrvPrefix="_ldaps._tcp">
        <ldap:host>10.101.3.26</ldap:host>
        <ldap:principal>CN=PingFederateUser,CN=Users,DC=JBNetwork,DC=global</ldap:principal>
        <ldap:use-ssl>true</ldap:use-ssl>
        <ldap:use-dns-srv-records>false</ldap:use-dns-srv-records>
        <ldap:credentials>eyJhbGciOiJkaXIiLCJlbmMiOiJBMTI4Q0JDLUhTMjU2Iiwia2lkIjoiaDlHcUZRemZTMyIsInZlcnNpb24iOiI5LjIuMC4zIn0.._OFB9SDiy8TmIqVNVSd6ww.Eixc_kp3KoN7Ce-WA98K2Q.oVW05zhXa9XaonyLq_TeeQ</ldap:credentials>
        <ldap:authenticationMeth>simple</ldap:authenticationMeth>
        <ldap:description>10.101.3.26 (CN=PingFederateUser,CN=Users,DC=JBNetwork,DC=global)</ldap:description>
        <ldap:name>10.101.3.26 (CN=PingFederateUser,CN=Users,DC=JBNetwork,DC=global)</ldap:name>
        <ldap:binaryAttributes>
            <ldap:binaryAttribute>objectGUID</ldap:binaryAttribute>
        </ldap:binaryAttributes>
    </ldap:ldap-source>
</ldap:ldap-sources>