<?xml version="1.0" encoding="UTF-8"?>
<sk:systemKeys xmlns:sk="http://pingidentity.com/2018/01/system-keys">
    <sk:currentKey>
        <sk:key>eyJhbGciOiJkaXIiLCJlbmMiOiJBMTI4Q0JDLUhTMjU2Iiwia2lkIjoiaDlHcUZRemZTMyIsInZlcnNpb24iOiI5LjIuMC4zIiwiemlwIjoiREVGIn0..OllG9DNmggsChWEWHUeMxg.vsZ6WpJW3dflteBhixOUV1RgQeVdIRIzzZ4hn-oZHI6Al6plizN9BONE2wPalDD4.YAUhsOWrXDTDAHxYLXz9pA</sk:key>
        <sk:generatedTime>2018-10-10T12:13:15.121-06:00</sk:generatedTime>
    </sk:currentKey>
    <sk:previousKey xsi:nil="true" xmlns:xsi="http://www.w3.org/2001/XMLSchema-instance"/>
    <sk:pendingKey>
        <sk:key>eyJhbGciOiJkaXIiLCJlbmMiOiJBMTI4Q0JDLUhTMjU2Iiwia2lkIjoiaDlHcUZRemZTMyIsInZlcnNpb24iOiI5LjIuMC4zIiwiemlwIjoiREVGIn0..uIf5mqWRkXXyNsmAa-6haQ.VLb5cuppfBKgopDRcPMfwjmDK4vwtA_iCC8CS08sl-cOpSsoxri4qXvDq1u2xueo.ZZcaiIupxzP5CowIoYQVDg</sk:key>
        <sk:generatedTime>2018-10-10T12:13:15.121-06:00</sk:generatedTime>
    </sk:pendingKey>
</sk:systemKeys>