<?xml version="1.0" encoding="UTF-8"?>
<datasources>
    <local-tx-datasource maskAttributeValues="false">
        <description>jdbc:hsqldb:${pf.server.data.dir}${/}hypersonic${/}ProvisionerDefaultDB;hsqldb.lock_file=false (sa)</description>
        <name>jdbc:hsqldb:${pf.server.data.dir}${/}hypersonic${/}ProvisionerDefaultDB;hsqldb.lock_file=false (sa)</name>
        <jndi-name>ProvisionerDS</jndi-name>
        <connection-url>jdbc:hsqldb:${pf.server.data.dir}${/}hypersonic${/}ProvisionerDefaultDB;hsqldb.lock_file=false</connection-url>
        <driver-class>org.hsqldb.jdbcDriver</driver-class>
        <user-name>sa</user-name>
        <password>eyJhbGciOiJkaXIiLCJlbmMiOiJBMTI4Q0JDLUhTMjU2Iiwia2lkIjoiaDlHcUZRemZTMyIsInZlcnNpb24iOiI5LjIuMC4zIn0..k_SgIbO64zlI-WfZbs0Jog.h6UM8je4egrHEq_cUu3-og.HX9Ud83aEHc0kcSHt7TjkQ</password>
        <ping-db-type>Custom</ping-db-type>
        <allow-multi-value-attributes>false</allow-multi-value-attributes>
    </local-tx-datasource>
</datasources>