<?xml version="1.0" encoding="UTF-8"?>
<ker:KerberosRealmsSettings xmlns:ker="http://pingidentity.com/2012/01/kerberos-realms">
    <ker:KerberosRealms>
        <ker:KerberosRealm id="KERB-763F59D78E58488FABBBC5FDC6CEDC18FCA86B60">
            <ker:kerberosRealmName>jbnetwork.global</ker:kerberosRealmName>
            <ker:keyDistributionCenters/>
            <ker:kerberosUsername>administrator</ker:kerberosUsername>
            <ker:kerberosPassword>eyJhbGciOiJkaXIiLCJlbmMiOiJBMTI4Q0JDLUhTMjU2Iiwia2lkIjoiaDlHcUZRemZTMyIsInZlcnNpb24iOiI5LjIuMC4zIn0..8mcYSA3TTHH1452cR6qpjA.5xuaQhxao5Vuuu8nYovY8Q.Rb-pe1dxdV5d3rMEUMguJA</ker:kerberosPassword>
            <ker:suppressDomainNameConcatenation>false</ker:suppressDomainNameConcatenation>
        </ker:KerberosRealm>
    </ker:KerberosRealms>
    <ker:KdcTimeout>3000</ker:KdcTimeout>
    <ker:KdcRetries>3</ker:KdcRetries>
    <ker:ForceTcp>false</ker:ForceTcp>
    <ker:Debug>false</ker:Debug>
</ker:KerberosRealmsSettings>