<?xml version="1.0" encoding="UTF-8"?>
<urn:AdapterConfiguration authnCtxClassRef="" isInheritAttributeSettings="false" isInheritAttributeMapping="false" maskOgnlValues="false" isInheritExtendedContractAttributes="false" name="identifier first" xmlns:urn="urn:sourceid.org:saml2:adapter:conf">
    <urn:Fields>
        <urn:Field name="Identifier Cookie Lifetime">30</urn:Field>
        <urn:Field name="Allow Cancelling Identifier Selection">false</urn:Field>
        <urn:Field name="Maximum Identifiers Count">5</urn:Field>
        <urn:Field name="Identifier Selection Template">identifier.first.template.html</urn:Field>
    </urn:Fields>
    <urn:AdvancedFields>
        <urn:Field name="Maximum Identifiers Count">5</urn:Field>
        <urn:Field name="Identifier Selection Template">identifier.first.template.html</urn:Field>
    </urn:AdvancedFields>
    <urn:Tables/>
    <urn:ExtendedContractAttributes/>
    <urn:UniqueKeyField>subject</urn:UniqueKeyField>
    <urn:AttributeMapping>
        <urn1:AttributeMap Name="subject" Type="Adapter" Value="subject" xmlns:urn1="urn:sourceid.org:saml2:metadata-extension:v2"/>
        <urn1:AttributeMap Name="domain" Type="Adapter" Value="domain" xmlns:urn1="urn:sourceid.org:saml2:metadata-extension:v2"/>
        <urn1:AttributeSource Id="PD" Description="PD" Type="LDAP" DataSourceId="LDAP-00E4EF726C1F873C818FE5418FD32157DEDFADD7" xmlns:urn1="urn:sourceid.org:saml2:metadata-extension:v2">
            <urn1:Parameter Name="filter" Value="uid=${subject}"/>
            <urn1:Parameter Name="search_base" Value="dc=jbnetwork,dc=global"/>
            <urn1:Parameter Name="search_scope" Value="SUBTREE_SCOPE"/>
            <urn1:Parameter Name="memberof_nested_group" Value="false"/>
        </urn1:AttributeSource>
        <urn1:TokenAuthorizationIssuanceCriteria xmlns:urn1="urn:sourceid.org:saml2:metadata-extension:v2"/>
    </urn:AttributeMapping>
</urn:AdapterConfiguration>