<?xml version="1.0" encoding="UTF-8"?>
<urn:AdapterConfiguration authnCtxClassRef="" isInheritAttributeSettings="false" isInheritAttributeMapping="false" maskOgnlValues="false" isInheritExtendedContractAttributes="false" name="OTIdPJava" xmlns:urn="urn:sourceid.org:saml2:adapter:conf">
    <urn:Fields>
        <urn:Field name="Password">eyJhbGciOiJkaXIiLCJlbmMiOiJBMTI4Q0JDLUhTMjU2Iiwia2lkIjoiaDlHcUZRemZTMyIsInZlcnNpb24iOiI5LjMuMC4zIn0..GjqflYNRZm5uUi59xhUK2g.G-XnTfrpYCfGP7OU4nqLA3HBnO3xkXwwqShK_KOFjZ4.GiREWegpMTeYP5PeBgWP5g</urn:Field>
        <urn:Field name="Confirm Password">eyJhbGciOiJkaXIiLCJlbmMiOiJBMTI4Q0JDLUhTMjU2Iiwia2lkIjoiaDlHcUZRemZTMyIsInZlcnNpb24iOiI5LjMuMC4zIn0..mIkiWfwlnlhLfju5-c5kuA.LAyG0V-B-qWMTdzgJiOx_W7l9tq-3QL5nzxVsLP3OYs.kv9ErHdZ0x2W2zPTy3Jh-Q</urn:Field>
        <urn:Field name="Authentication Service">https://localhost:9031/IdpSample/?cmd=sso</urn:Field>
        <urn:Field name="Transport Mode">0</urn:Field>
        <urn:Field name="Token Name">idpopentoken</urn:Field>
        <urn:Field name="Cipher Suite">1</urn:Field>
        <urn:Field name="Logout Service">https://localhost:9031/IdpSample/?cmd=slo</urn:Field>
        <urn:Field name="Cookie Domain"/>
        <urn:Field name="Cookie Path">/</urn:Field>
        <urn:Field name="Token Lifetime">300</urn:Field>
        <urn:Field name="Session Lifetime">43200</urn:Field>
        <urn:Field name="Not Before Tolerance">0</urn:Field>
        <urn:Field name="Force SunJCE Provider">false</urn:Field>
        <urn:Field name="Use Verbose Error Messages">false</urn:Field>
        <urn:Field name="Obfuscate Password">true</urn:Field>
        <urn:Field name="Session Cookie">false</urn:Field>
        <urn:Field name="Secure Cookie">false</urn:Field>
        <urn:Field name="HTTP Only Flag"/>
        <urn:Field name="Delete Cookie">false</urn:Field>
        <urn:Field name="Replay Prevention">false</urn:Field>
        <urn:Field name="Skip Malformed Attribute Detection">false</urn:Field>
        <urn:Field name="Track Authentication Time"/>
    </urn:Fields>
    <urn:AdvancedFields>
        <urn:Field name="Transport Mode">0</urn:Field>
        <urn:Field name="Token Name">idpopentoken</urn:Field>
        <urn:Field name="Cipher Suite">1</urn:Field>
        <urn:Field name="Logout Service">https://localhost:9031/IdpSample/?cmd=slo</urn:Field>
        <urn:Field name="Cookie Domain"/>
        <urn:Field name="Cookie Path">/</urn:Field>
        <urn:Field name="Token Lifetime">300</urn:Field>
        <urn:Field name="Session Lifetime">43200</urn:Field>
        <urn:Field name="Not Before Tolerance">0</urn:Field>
        <urn:Field name="Force SunJCE Provider">false</urn:Field>
        <urn:Field name="Use Verbose Error Messages">false</urn:Field>
        <urn:Field name="Obfuscate Password">true</urn:Field>
        <urn:Field name="Session Cookie">false</urn:Field>
        <urn:Field name="Secure Cookie">false</urn:Field>
        <urn:Field name="HTTP Only Flag"/>
        <urn:Field name="Delete Cookie">false</urn:Field>
        <urn:Field name="Replay Prevention">false</urn:Field>
        <urn:Field name="Skip Malformed Attribute Detection">false</urn:Field>
        <urn:Field name="Track Authentication Time"/>
    </urn:AdvancedFields>
    <urn:Tables/>
    <urn:ExtendedContractAttributes/>
    <urn:UniqueKeyField>subject</urn:UniqueKeyField>
    <urn:AttributeMapping>
        <urn1:AttributeMap Name="subject" Type="Adapter" Value="subject" xmlns:urn1="urn:sourceid.org:saml2:metadata-extension:v2"/>
        <urn1:TokenAuthorizationIssuanceCriteria xmlns:urn1="urn:sourceid.org:saml2:metadata-extension:v2"/>
    </urn:AttributeMapping>
</urn:AdapterConfiguration>