<?xml version="1.0" encoding="UTF-8"?>
<urn:AdapterConfiguration isInheritExtendedContractAttributes="false" name="OTSPJava" xmlns:urn="urn:sourceid.org:saml2:adapter:conf">
    <urn:Fields>
        <urn:Field name="Password">eyJhbGciOiJkaXIiLCJlbmMiOiJBMTI4Q0JDLUhTMjU2Iiwia2lkIjoiaDlHcUZRemZTMyIsInZlcnNpb24iOiI4LjEuMy4wIn0..YnoDn-llqxeOPBNneHwWTw.NlQ14dHTb0N8WmpelDTtWcjO9e0AgQ3lw-2DxpcCMH8.Sy5e5xMaKXNVCFjDy3eK8Q</urn:Field>
        <urn:Field name="Confirm Password">eyJhbGciOiJkaXIiLCJlbmMiOiJBMTI4Q0JDLUhTMjU2Iiwia2lkIjoiaDlHcUZRemZTMyIsInZlcnNpb24iOiI4LjEuMy4wIn0..ph-Rr7JqOX-LoZvVP_mY0w.-49VtF78cf6p6Gm1s5J4ZUT3huhaskihdWFklRkwoFY.cxHQaRBnErBou5_7kyBLfQ</urn:Field>
        <urn:Field name="Transport Mode">1</urn:Field>
        <urn:Field name="Token Name">spopentoken</urn:Field>
        <urn:Field name="Cipher Suite">1</urn:Field>
        <urn:Field name="Authentication Service"/>
        <urn:Field name="Account Link Service">https://localhost:9031/SpSample/?cmd=accountlink</urn:Field>
        <urn:Field name="Logout Service">https://localhost:9031/SpSample/?cmd=slo</urn:Field>
        <urn:Field name="Cookie Domain"/>
        <urn:Field name="Cookie Path">/</urn:Field>
        <urn:Field name="Token Lifetime">300</urn:Field>
        <urn:Field name="Session Lifetime">43200</urn:Field>
        <urn:Field name="Not Before Tolerance">0</urn:Field>
        <urn:Field name="Force SunJCE Provider">false</urn:Field>
        <urn:Field name="Use Verbose Error Messages">false</urn:Field>
        <urn:Field name="Obfuscate Password">true</urn:Field>
        <urn:Field name="Session Cookie">false</urn:Field>
        <urn:Field name="Secure Cookie">false</urn:Field>
        <urn:Field name="Send Subject as Query Parameter">false</urn:Field>
        <urn:Field name="Subject Query Parameter                 "/>
        <urn:Field name="Send Extended Attributes">0</urn:Field>
        <urn:Field name="Skip Trimming of Trailing Backslashes">false</urn:Field>
    </urn:Fields>
    <urn:AdvancedFields>
        <urn:Field name="Transport Mode">1</urn:Field>
        <urn:Field name="Token Name">spopentoken</urn:Field>
        <urn:Field name="Cipher Suite">1</urn:Field>
        <urn:Field name="Authentication Service"/>
        <urn:Field name="Account Link Service">https://localhost:9031/SpSample/?cmd=accountlink</urn:Field>
        <urn:Field name="Logout Service">https://localhost:9031/SpSample/?cmd=slo</urn:Field>
        <urn:Field name="Cookie Domain"/>
        <urn:Field name="Cookie Path">/</urn:Field>
        <urn:Field name="Token Lifetime">300</urn:Field>
        <urn:Field name="Session Lifetime">43200</urn:Field>
        <urn:Field name="Not Before Tolerance">0</urn:Field>
        <urn:Field name="Force SunJCE Provider">false</urn:Field>
        <urn:Field name="Use Verbose Error Messages">false</urn:Field>
        <urn:Field name="Obfuscate Password">true</urn:Field>
        <urn:Field name="Session Cookie">false</urn:Field>
        <urn:Field name="Secure Cookie">false</urn:Field>
        <urn:Field name="Send Subject as Query Parameter">false</urn:Field>
        <urn:Field name="Subject Query Parameter                 "/>
        <urn:Field name="Send Extended Attributes">0</urn:Field>
        <urn:Field name="Skip Trimming of Trailing Backslashes">false</urn:Field>
    </urn:AdvancedFields>
    <urn:Tables/>
    <urn:ExtendedContractAttributes/>
</urn:AdapterConfiguration>