<?xml version="1.0" encoding="UTF-8"?>
<urn:AdapterConfiguration isInheritExtendedContractAttributes="false" name="RefID" xmlns:urn="urn:sourceid.org:saml2:adapter:conf">
    <urn:Fields>
        <urn:Field name="Authentication Endpoint"/>
        <urn:Field name="User Name">apiuser</urn:Field>
        <urn:Field name="Pass Phrase">eyJhbGciOiJkaXIiLCJlbmMiOiJBMTI4Q0JDLUhTMjU2Iiwia2lkIjoiaDlHcUZRemZTMyIsInZlcnNpb24iOiI4LjEuMy4wIn0..S8Pvu98_UCo930rhvptI3w.vLJHg1kAYZRAiCmBouwwFQ.WaKm8_npgOtVjP3cA4sjkw</urn:Field>
        <urn:Field name="Allowed Subject DN"/>
        <urn:Field name="Allowed Issuer DN"/>
        <urn:Field name="Logout Service Endpoint"/>
        <urn:Field name="Account Linking Authentication Endpoint"/>
        <urn:Field name="Transport Mode">2</urn:Field>
        <urn:Field name="Reference Duration">90</urn:Field>
        <urn:Field name="Reference Length">30</urn:Field>
        <urn:Field name="Require SSL/TLS">true</urn:Field>
        <urn:Field name="Outgoing Attribute Format">JSON</urn:Field>
        <urn:Field name="Incoming Attribute Format">JSON</urn:Field>
        <urn:Field name="Logout Mode">FRONT</urn:Field>
        <urn:Field name="Skip Host Name Validation ">false</urn:Field>
    </urn:Fields>
    <urn:AdvancedFields>
        <urn:Field name="Transport Mode">2</urn:Field>
        <urn:Field name="Reference Duration">90</urn:Field>
        <urn:Field name="Reference Length">30</urn:Field>
        <urn:Field name="Require SSL/TLS">true</urn:Field>
        <urn:Field name="Outgoing Attribute Format">JSON</urn:Field>
        <urn:Field name="Incoming Attribute Format">JSON</urn:Field>
        <urn:Field name="Logout Mode">FRONT</urn:Field>
        <urn:Field name="Skip Host Name Validation ">false</urn:Field>
    </urn:AdvancedFields>
    <urn:Tables/>
    <urn:ExtendedContractAttributes/>
</urn:AdapterConfiguration>