<?xml version="1.0" encoding="UTF-8"?>
<loc:localIdentity profileId="SULMZVB96boENyCb" profileName="test" contractId="ai0jMIAQYFL31ZWB" profileEnabled="true" registrationEnabled="true" xmlns:loc="http://pingidentity.com/2017/07/localIdentity">
    <loc:auth-sources/>
    <loc:fields maskOgnlValues="false">
        <loc:field type="TEXT" default-value="james.blantz@gmail.com" id="groups" label="7203911754">
            <loc:appliesTo profile="false" registration="true"/>
            <loc:parameter param-name="Read-Only" value="false"/>
            <loc:parameter param-name="Required" value="true"/>
            <loc:parameter param-name="Unique ID Field" value="true"/>
            <loc:parameter param-name="Mask Log Values" value="false"/>
        </loc:field>
    </loc:fields>
    <loc:email-verification-config emailVerificationEnabled="false" verifyEmailTemplateName="message-template-email-ownership-verification.html" emailVerificationSentTemplateName="local.identity.email.verification.sent.html" emailVerificationSuccessTemplateName="local.identity.email.verification.success.html" emailVerificationErrorTemplateName="local.identity.email.verification.error.html" otlTimeToLive="1440" verificationEmailField="" verificationStatusField="" notificationPublisherId=""/>
    <loc:registration-config captchaEnabled="false" templateName="local.identity.registration.html"/>
    <loc:profile-config templateName="local.identity.profile.html" deleteIdentityEnabled="false"/>
    <loc:datastore-mapping>
        <loc:DataSource Description="" Type="LDAP" DataSourceId="LDAP-00E4EF726C1F873C818FE5418FD32157DEDFADD7">
            <urn:Parameter Name="create_pattern" Value="DN=jblantz" xmlns:urn="urn:sourceid.org:saml2:metadata-extension:v2"/>
            <urn:Parameter Name="search_base" Value="dc=jbnetwork,dc=local" xmlns:urn="urn:sourceid.org:saml2:metadata-extension:v2"/>
            <urn:Parameter Name="search_scope" Value="ONELEVEL_SCOPE" xmlns:urn="urn:sourceid.org:saml2:metadata-extension:v2"/>
            <urn:Parameter Name="object_class" Value="ds-connectionhandler-monitor-entry" xmlns:urn="urn:sourceid.org:saml2:metadata-extension:v2"/>
        </loc:DataSource>
        <loc:Attribute fieldName="groups" datastore-field="mail"/>
    </loc:datastore-mapping>
</loc:localIdentity>