<?xml version="1.0" encoding="UTF-8"?>
<urn:PluginConfiguration isInheritExtendedContractAttributes="false" name="PingID" xmlns:urn="urn:sourceid.org:saml2:adapter:conf">
    <urn:Fields>
        <urn:Field name="CHECK GROUPS">true</urn:Field>
        <urn:Field name="CHECK BYPASS GROUPS">false</urn:Field>
        <urn:Field name="IF THE USER IS NOT ACTIVATED ON PINGID">register</urn:Field>
        <urn:Field name="FAIL Login if the user is not member of the ldap group">false</urn:Field>
        <urn:Field name="RADIUS Server Authentication Port">1812</urn:Field>
        <urn:Field name="Domain postfix"/>
        <urn:Field name="PingID Properties File">#Auto-Generated from PingOne, downloaded by id=[209982] email=[jblantz+demo@pingidentity.com]
#Tue Aug 29 16:05:53 MDT 2017
use_base64_key=ti+87tikBEDNuRdHPu3EqDj62SLGPl/j2iptt9wEZ0Q=
use_signature=true
token=b9011affe1854191af9b600b714679f0
idp_url=https://idpxnyl3m.pingidentity.com/pingid
org_alias=66de65d2-b6d2-4da5-9b2d-d2c4640efb13
admin_url=https://idpxnyl3m.pingidentity.com/pingid
authenticator_url=https://authenticator.pingone.com/pingid/ppm</urn:Field>
        <urn:Field name="Authentication During Errors">Bypass User</urn:Field>
        <urn:Field name="Users Without a Paired Device"/>
        <urn:Field name="LDAP Data source"/>
        <urn:Field name="Create Entry For Devices">false</urn:Field>
        <urn:Field name="Encryption Key For Devices"/>
        <urn:Field name="Search Base"/>
        <urn:Field name="Search Filter"/>
        <urn:Field name="Scope of Search"/>
        <urn:Field name="Distinguished Name Pattern"/>
        <urn:Field name="State Attribute"/>
        <urn:Field name="Server Threads"/>
        <urn:Field name="Enable RADIUS Server">true</urn:Field>
        <urn:Field name="Default Shared Secret"/>
        <urn:Field name="PingID service ID">vpn</urn:Field>
        <urn:Field name="State Encryption Key">eyJhbGciOiJkaXIiLCJlbmMiOiJBMTI4Q0JDLUhTMjU2Iiwia2lkIjoiaDlHcUZRemZTMyIsInZlcnNpb24iOiI5LjMuMC4zIn0..V67dYoG_fp1YrWLxpbjUhA.fb8k35ZHNXM1HSBz_JC8OgN0lsqkOe2BZzYsadg0hcZg2MKBxXlSmHXFbcSqRghd.c8JXJhHVBRDHZc_3San8gg</urn:Field>
        <urn:Field name="State Lifetime">300</urn:Field>
        <urn:Field name="RADIUS client doesn't support challenge">false</urn:Field>
        <urn:Field name="OTP in password separator">None</urn:Field>
        <urn:Field name="RADIUS client password validation">false</urn:Field>
        <urn:Field name="PingID username attribute"/>
        <urn:Field name="PingId Heartbeat Timeout"/>
        <urn:Field name="Newline Character">None</urn:Field>
    </urn:Fields>
    <urn:AdvancedFields>
        <urn:Field name="Server Threads"/>
        <urn:Field name="Enable RADIUS Server">true</urn:Field>
        <urn:Field name="Default Shared Secret"/>
        <urn:Field name="PingID service ID">vpn</urn:Field>
        <urn:Field name="State Encryption Key">eyJhbGciOiJkaXIiLCJlbmMiOiJBMTI4Q0JDLUhTMjU2Iiwia2lkIjoiaDlHcUZRemZTMyIsInZlcnNpb24iOiI5LjMuMC4zIn0..4rDQGc2Otx9VSAnAkp50Yg.rbB-P5zTj4lYlffLwyLBNDc6orIpHGgDed_0dC1TRMKSf_RTEhuZZrcjybzGepe4.FkeMWKjN3L89XO8MzRp_2g</urn:Field>
        <urn:Field name="State Lifetime">300</urn:Field>
        <urn:Field name="RADIUS client doesn't support challenge">false</urn:Field>
        <urn:Field name="OTP in password separator">None</urn:Field>
        <urn:Field name="RADIUS client password validation">false</urn:Field>
        <urn:Field name="PingID username attribute"/>
        <urn:Field name="PingId Heartbeat Timeout"/>
        <urn:Field name="Newline Character">None</urn:Field>
    </urn:AdvancedFields>
    <urn:Tables>
        <urn:Table name="RADIUS Clients"/>
        <urn:Table name="Delegate PCV's">
            <urn:Row>
                <urn:Field name="Delegate PCV">PasswordValidator</urn:Field>
            </urn:Row>
        </urn:Table>
        <urn:Table name="Member Of Groups"/>
        <urn:Table name="Bypass Member Of Groups"/>
        <urn:Table name="Multiple attributes mapping rules"/>
        <urn:Table name="User specific groups to Radius Client"/>
    </urn:Tables>
    <urn:ExtendedContractAttributes>
        <urn:AttributeName>memberOf</urn:AttributeName>
    </urn:ExtendedContractAttributes>
</urn:PluginConfiguration>