<?xml version="1.0" encoding="UTF-8"?>
<urn:PluginConfiguration isInheritExtendedContractAttributes="false" name="UserPass" xmlns:urn="urn:sourceid.org:saml2:adapter:conf">
    <urn:Fields/>
    <urn:AdvancedFields/>
    <urn:Tables>
        <urn:Table name="Users">
            <urn:Row>
                <urn:Field name="Username">joe</urn:Field>
                <urn:Field name="Password">w39w7TZKN3mw1I4DnDDUmfq6UUvMWwbPalt494faKQk.Bv6YFf5W.2</urn:Field>
                <urn:Field name="Confirm Password">NIMg95ECTH73cru-Uyb8Du0u5uZTRYKKkNVLFeOY_ws.tS649dBR.2</urn:Field>
            </urn:Row>
            <urn:Row>
                <urn:Field name="Username">sarah</urn:Field>
                <urn:Field name="Password">d3PMO-UYTaAKrUIBdIm3wNDEWDVmZfWWK6r4EooThIk.9FOngo9l.2</urn:Field>
                <urn:Field name="Confirm Password">6Y8TK2AlopMIckEn4t3Pn7MsEWm6GH1LYjtZROBGbsE.6dLaE34c.2</urn:Field>
            </urn:Row>
            <urn:Row>
                <urn:Field name="Username">scott</urn:Field>
                <urn:Field name="Password">BU8cnJWrSl_0V7JcARJoEEgNTCIglhil4Qn5hZltRGo.z91OoN49.2</urn:Field>
                <urn:Field name="Confirm Password">8ZEWuz65sOVjy4Xqajq8vNqmVYjpmikKtgkOE4dLNu0.dkotm7iN.2</urn:Field>
            </urn:Row>
        </urn:Table>
    </urn:Tables>
</urn:PluginConfiguration>