<?xml version="1.0" encoding="UTF-8"?>
<urn:PluginConfiguration isInheritExtendedContractAttributes="false" name="XPingDir" xmlns:urn="urn:sourceid.org:saml2:adapter:conf">
    <urn:Fields>
        <urn:Field name="LDAP Datastore">LDAP-00E4EF726C1F873C818FE5418FD32157DEDFADD7</urn:Field>
        <urn:Field name="Search Base">dc=jbnetwork,dc=com</urn:Field>
        <urn:Field name="Search Filter">uid=${username}</urn:Field>
        <urn:Field name="Scope of Search">Subtree</urn:Field>
        <urn:Field name="Case-Sensitive Matching">true</urn:Field>
        <urn:Field name="Display Name Attribute">uid</urn:Field>
        <urn:Field name="Mail Attribute">mail</urn:Field>
        <urn:Field name="SMS Attribute"/>
        <urn:Field name="PingID Username Attribute">uid</urn:Field>
        <urn:Field name="Mail Search Filter"/>
        <urn:Field name="Username Attribute"/>
        <urn:Field name="Mail Verified Attribute"/>
    </urn:Fields>
    <urn:AdvancedFields>
        <urn:Field name="Display Name Attribute">uid</urn:Field>
        <urn:Field name="Mail Attribute">mail</urn:Field>
        <urn:Field name="SMS Attribute"/>
        <urn:Field name="PingID Username Attribute">uid</urn:Field>
        <urn:Field name="Mail Search Filter"/>
        <urn:Field name="Username Attribute"/>
        <urn:Field name="Mail Verified Attribute"/>
    </urn:AdvancedFields>
    <urn:Tables>
        <urn:Table name="Authentication Error Overrides"/>
    </urn:Tables>
    <urn:ExtendedContractAttributes>
        <urn:AttributeName>memberOf</urn:AttributeName>
    </urn:ExtendedContractAttributes>
</urn:PluginConfiguration>